"variable","group","age_group","year","value","country"
"% Obese","Men","16+","2003","22.2047764026386","England"
"% Obese","Men","16+","2004","22.6581362930169","England"
"% Obese","Men","16+","2005","22.1165998606755","England"
"% Obese","Men","16+","2006","23.6884944446647","England"
"% Obese","Men","16+","2007","23.6264776008262","England"
"% Obese","Men","16+","2008","24.1305055627431","England"
"% Obese","Men","16+","2009","22.0681448313462","England"
"% Obese","Men","16+","2010","26.23848","England"
"% Obese","Men","16+","2011","23.609511","England"
"% Obese","Men","16+","2012","24.368495","England"
"% Obese","Men","16+","2013","25.989727","England"
"% Obese","Men","16+","2014","24.336201","England"
"% Obese","Men","16+","2015","26.8900252558311","England"
"% Obese","Men","16+","2016","25.7366916631076","England"
"% Obese","Men","16+","2017","27.3840605200358","England"
"% Obese","Men","16+","2018","26.1787306964378","England"
"% Obese","Men","16+","2019","26.9517156621181","England"
"% Obese","Women","16+","2003","22.958295657482","England"
"% Obese","Women","16+","2004","23.2147182685046","England"
"% Obese","Women","16+","2005","24.2887755353805","England"
"% Obese","Women","16+","2006","24.1945741687544","England"
"% Obese","Women","16+","2007","24.3927417390106","England"
"% Obese","Women","16+","2008","24.9161057608495","England"
"% Obese","Women","16+","2009","23.8667274044445","England"
"% Obese","Women","16+","2010","26.05953","England"
"% Obese","Women","16+","2011","25.879889","England"
"% Obese","Women","16+","2012","25.090188","England"
"% Obese","Women","16+","2013","23.826177","England"
"% Obese","Women","16+","2014","26.774528","England"
"% Obese","Women","16+","2015","26.8231751116905","England"
"% Obese","Women","16+","2016","26.6293183739404","England"
"% Obese","Women","16+","2017","30.0412005284259","England"
"% Obese","Women","16+","2018","29.2196282243097","England"
"% Obese","Women","16+","2019","29.065281356102","England"
"% Obese","All","16+","2003","22.5830168521525","England"
"% Obese","All","16+","2004","22.9383939996496","England"
"% Obese","All","16+","2005","23.2095268824837","England"
"% Obese","All","16+","2006","23.9427789862698","England"
"% Obese","All","16+","2007","24.0079854104684","England"
"% Obese","All","16+","2008","24.525294577346","England"
"% Obese","All","16+","2009","22.9652525678598","England"
"% Obese","All","16+","2010","26.14952","England"
"% Obese","All","16+","2011","24.753233","England"
"% Obese","All","16+","2012","24.730353","England"
"% Obese","All","16+","2013","24.897112","England"
"% Obese","All","16+","2014","25.560831","England"
"% Obese","All","16+","2015","26.8563564524887","England"
"% Obese","All","16+","2016","26.1837765711311","England"
"% Obese","All","16+","2017","28.7338989760073","England"
"% Obese","All","16+","2018","27.7208809015085","England"
"% Obese","All","16+","2019","28.0222160979609","England"
"% Drinking Over Guidelines","Men","16+","2011","34.2193799528712","England"
"% Drinking Over Guidelines","Men","16+","2012","34.3524338927516","England"
"% Drinking Over Guidelines","Men","16+","2013","33.4241702201147","England"
"% Drinking Over Guidelines","Men","16+","2014","32.0946683487133","England"
"% Drinking Over Guidelines","Men","16+","2015","31.279441423826","England"
"% Drinking Over Guidelines","Men","16+","2016","30.676905523405","England"
"% Drinking Over Guidelines","Men","16+","2017","28.3851764999687","England"
"% Drinking Over Guidelines","Men","16+","2018","30.3323959346634","England"
"% Drinking Over Guidelines","Men","16+","2019","30.3208121620054","England"
"% Drinking Over Guidelines","Women","16+","2011","17.6982245741829","England"
"% Drinking Over Guidelines","Women","16+","2012","17.555445931578","England"
"% Drinking Over Guidelines","Women","16+","2013","15.9895890154288","England"
"% Drinking Over Guidelines","Women","16+","2014","16.0153081855708","England"
"% Drinking Over Guidelines","Women","16+","2015","15.8761981669739","England"
"% Drinking Over Guidelines","Women","16+","2016","15.8448862581538","England"
"% Drinking Over Guidelines","Women","16+","2017","14.2921035277635","England"
"% Drinking Over Guidelines","Women","16+","2018","14.4565682576415","England"
"% Drinking Over Guidelines","Women","16+","2019","15.4805387336055","England"
"% Drinking Over Guidelines","All","16+","2011","25.7489308409656","England"
"% Drinking Over Guidelines","All","16+","2012","25.7671496705533","England"
"% Drinking Over Guidelines","All","16+","2013","24.4464022984032","England"
"% Drinking Over Guidelines","All","16+","2014","23.8543864287827","England"
"% Drinking Over Guidelines","All","16+","2015","23.403399382571","England"
"% Drinking Over Guidelines","All","16+","2016","23.1149146319693","England"
"% Drinking Over Guidelines","All","16+","2017","21.1626442988063","England"
"% Drinking Over Guidelines","All","16+","2018","22.2148597131446","England"
"% Drinking Over Guidelines","All","16+","2019","22.7253518514176","England"
"% Smoke","Men","16+","2003","27","England"
"% Smoke","Men","16+","2004","23.8641470464243","England"
"% Smoke","Men","16+","2005","27.1459422080067","England"
"% Smoke","Men","16+","2006","24.0761340172863","England"
"% Smoke","Men","16+","2007","23.7784116556779","England"
"% Smoke","Men","16+","2008","23.7054327573184","England"
"% Smoke","Men","16+","2009","23.8663616303993","England"
"% Smoke","Men","16+","2010","21.9640100689596","England"
"% Smoke","Men","16+","2011","23.156476","England"
"% Smoke","Men","16+","2012","22.197813","England"
"% Smoke","Men","16+","2013","23.978339","England"
"% Smoke","Men","16+","2014","21.1393550365688","England"
"% Smoke","Men","16+","2015","19.1143632996043","England"
"% Smoke","Men","16+","2016","20.0443488525949","England"
"% Smoke","Men","16+","2017","19.1974218276535","England"
"% Smoke","Men","16+","2018","18.4418809725129","England"
"% Smoke","Men","16+","2019","18.406669616093","England"
"% Smoke","Women","16+","2003","24.2822932577875","England"
"% Smoke","Women","16+","2004","22.6986143555954","England"
"% Smoke","Women","16+","2005","23.5756683112462","England"
"% Smoke","Women","16+","2006","21.0902980286954","England"
"% Smoke","Women","16+","2007","20.825626608601","England"
"% Smoke","Women","16+","2008","19.8633017265047","England"
"% Smoke","Women","16+","2009","20.2482777150744","England"
"% Smoke","Women","16+","2010","18.2765709950856","England"
"% Smoke","Women","16+","2011","18.529586","England"
"% Smoke","Women","16+","2012","17.588802","England"
"% Smoke","Women","16+","2013","17.311445","England"
"% Smoke","Women","16+","2014","16.5442819957936","England"
"% Smoke","Women","16+","2015","16.6622785103531","England"
"% Smoke","Women","16+","2016","15.5011634012809","England"
"% Smoke","Women","16+","2017","15.4966067930263","England"
"% Smoke","Women","16+","2018","15.199685456781","England"
"% Smoke","Women","16+","2019","14.6482069569511","England"
"% Smoke","All","16+","2003","25.4391127722164","England"
"% Smoke","All","16+","2004","23.2646107448865","England"
"% Smoke","All","16+","2005","25.3040614339828","England"
"% Smoke","All","16+","2006","22.5335004483866","England"
"% Smoke","All","16+","2007","22.2645019402302","England"
"% Smoke","All","16+","2008","21.7366502407757","England"
"% Smoke","All","16+","2009","22.0146543165671","England"
"% Smoke","All","16+","2010","20.0908066851775","England"
"% Smoke","All","16+","2011","20.790143","England"
"% Smoke","All","16+","2012","19.839586","England"
"% Smoke","All","16+","2013","20.550356","England"
"% Smoke","All","16+","2014","18.7831309216915","England"
"% Smoke","All","16+","2015","17.860920728674","England"
"% Smoke","All","16+","2016","17.7260068334411","England"
"% Smoke","All","16+","2017","17.3075367701825","England"
"% Smoke","All","16+","2018","16.781361261414","England"
"% Smoke","All","16+","2019","16.4790706233249","England"
"% Meet Activity Guidelines","Men","16+","2012","66.72226645009836","England"
"% Meet Activity Guidelines","Men","16+","2016","66.767190695771077","England"
"% Meet Activity Guidelines","Men","16+","2021","69.735313173176706","England"
"% Meet Activity Guidelines","Women","16+","2012","56.240390720283642","England"
"% Meet Activity Guidelines","Women","16+","2016","58.812219700540233","England"
"% Meet Activity Guidelines","Women","16+","2021","59.098597890852531","England"
"% Meet Activity Guidelines","All","16+","2012","61.362894189898356","England"
"% Meet Activity Guidelines","All","16+","2016","62.714592795753354","England"
"% Meet Activity Guidelines","All","16+","2021","64.318603747742486","England"
"% Uptake Breast Screening","Women","50-70","2009","74.4529","England"
"% Uptake Breast Screening","Women","50-70","2010","74.5249","England"
"% Uptake Breast Screening","Women","50-70","2011","74.3385","England"
"% Uptake Breast Screening","Women","50-70","2012","73.2894","England"
"% Uptake Breast Screening","Women","50-70","2013","73.4586","England"
"% Uptake Breast Screening","Women","50-70","2014","72.6385","England"
"% Uptake Breast Screening","Women","50-70","2015","73.3527","England"
"% Uptake Breast Screening","Women","50-70","2016","72.1439","England"
"% Uptake Breast Screening","Women","50-70","2017","71.5864","England"
"% Uptake Breast Screening","Women","50-70","2018","72.2441","England"
"% Uptake Breast Screening","Women","50-70","2019","70.232","England"
"% Uptake Breast Screening","Women","50-70","2020","62.3096","England"
"% Uptake Breast Screening","Women","50-70","2021","63.1154","England"
"% Uptake Breast Screening","Women","50-70","2022","65.4437","England"
"% Uptake Bowel Screening","All","60-74","2013","55.5582","England"
"% Uptake Bowel Screening","All","60-74","2014","58.4793","England"
"% Uptake Bowel Screening","All","60-74","2015","56.3746","England"
"% Uptake Bowel Screening","All","60-74","2016","58.9034","England"
"% Uptake Bowel Screening","All","60-74","2017","57.6025","England"
"% Uptake Bowel Screening","All","60-74","2018","60.2726","England"
"% Uptake Bowel Screening","All","60-74","2019","65.4421","England"
"% Uptake Bowel Screening","All","60-74","2020","70.7159","England"
"% Uptake Bowel Screening","All","60-74","2021","69.6146","England"
"% Uptake Bowel Screening","All","60-74","2022","70.2058","England"
"% Drinking Over Guidelines","All","16+","2008","32","Scotland"
"% Drinking Over Guidelines","Women","16+","2008","20","Scotland"
"% Drinking Over Guidelines","Men","16+","2008","44","Scotland"
"% Drinking Over Guidelines","All","16+","2009","29","Scotland"
"% Drinking Over Guidelines","Women","16+","2009","18","Scotland"
"% Drinking Over Guidelines","Men","16+","2009","41","Scotland"
"% Drinking Over Guidelines","All","16+","2010","28","Scotland"
"% Drinking Over Guidelines","Women","16+","2010","18","Scotland"
"% Drinking Over Guidelines","Men","16+","2010","39","Scotland"
"% Drinking Over Guidelines","All","16+","2011","28","Scotland"
"% Drinking Over Guidelines","Women","16+","2011","18","Scotland"
"% Drinking Over Guidelines","Men","16+","2011","38","Scotland"
"% Drinking Over Guidelines","All","16+","2012","28","Scotland"
"% Drinking Over Guidelines","Women","16+","2012","18","Scotland"
"% Drinking Over Guidelines","Men","16+","2012","38","Scotland"
"% Drinking Over Guidelines","All","16+","2013","25","Scotland"
"% Drinking Over Guidelines","Women","16+","2013","16","Scotland"
"% Drinking Over Guidelines","Men","16+","2013","34","Scotland"
"% Drinking Over Guidelines","All","16+","2014","25","Scotland"
"% Drinking Over Guidelines","Women","16+","2014","17","Scotland"
"% Drinking Over Guidelines","Men","16+","2014","35","Scotland"
"% Drinking Over Guidelines","All","16+","2015","26","Scotland"
"% Drinking Over Guidelines","Women","16+","2015","17","Scotland"
"% Drinking Over Guidelines","Men","16+","2015","36","Scotland"
"% Drinking Over Guidelines","All","16+","2016","26","Scotland"
"% Drinking Over Guidelines","Women","16+","2016","17","Scotland"
"% Drinking Over Guidelines","Men","16+","2016","35","Scotland"
"% Drinking Over Guidelines","All","16+","2017","24","Scotland"
"% Drinking Over Guidelines","Women","16+","2017","16","Scotland"
"% Drinking Over Guidelines","Men","16+","2017","33","Scotland"
"% Drinking Over Guidelines","All","16+","2018","24","Scotland"
"% Drinking Over Guidelines","Women","16+","2018","16","Scotland"
"% Drinking Over Guidelines","Men","16+","2018","32","Scotland"
"% Drinking Over Guidelines","All","16+","2019","24","Scotland"
"% Drinking Over Guidelines","Women","16+","2019","16","Scotland"
"% Drinking Over Guidelines","Men","16+","2019","32","Scotland"
"% Drinking Over Guidelines","All","16+","2021","23","Scotland"
"% Drinking Over Guidelines","Women","16+","2021","16","Scotland"
"% Drinking Over Guidelines","Men","16+","2021","31","Scotland"
"% Drinking Over Guidelines","All","16+","2022","22","Scotland"
"% Drinking Over Guidelines","Women","16+","2022","15","Scotland"
"% Drinking Over Guidelines","Men","16+","2022","31","Scotland"
"% Obese","All","16+","2008","27","Scotland"
"% Obese","Women","16+","2008","27","Scotland"
"% Obese","Men","16+","2008","26","Scotland"
"% Obese","All","16+","2009","28","Scotland"
"% Obese","Women","16+","2009","28","Scotland"
"% Obese","Men","16+","2009","28","Scotland"
"% Obese","All","16+","2010","28","Scotland"
"% Obese","Women","16+","2010","29","Scotland"
"% Obese","Men","16+","2010","27","Scotland"
"% Obese","All","16+","2011","28","Scotland"
"% Obese","Women","16+","2011","28","Scotland"
"% Obese","Men","16+","2011","28","Scotland"
"% Obese","All","16+","2012","27","Scotland"
"% Obese","Women","16+","2012","28","Scotland"
"% Obese","Men","16+","2012","27","Scotland"
"% Obese","All","16+","2013","28","Scotland"
"% Obese","Women","16+","2013","30","Scotland"
"% Obese","Men","16+","2013","26","Scotland"
"% Obese","All","16+","2014","28","Scotland"
"% Obese","Women","16+","2014","29","Scotland"
"% Obese","Men","16+","2014","26","Scotland"
"% Obese","All","16+","2015","29","Scotland"
"% Obese","Women","16+","2015","30","Scotland"
"% Obese","Men","16+","2015","28","Scotland"
"% Obese","All","16+","2016","29","Scotland"
"% Obese","Women","16+","2016","29","Scotland"
"% Obese","Men","16+","2016","29","Scotland"
"% Obese","All","16+","2017","29","Scotland"
"% Obese","Women","16+","2017","30","Scotland"
"% Obese","Men","16+","2017","27","Scotland"
"% Obese","All","16+","2018","28","Scotland"
"% Obese","Women","16+","2018","30","Scotland"
"% Obese","Men","16+","2018","27","Scotland"
"% Obese","All","16+","2019","29","Scotland"
"% Obese","Women","16+","2019","30","Scotland"
"% Obese","Men","16+","2019","29","Scotland"
"% Obese","All","16+","2021","30","Scotland"
"% Obese","Women","16+","2021","31","Scotland"
"% Obese","Men","16+","2021","29","Scotland"
"% Obese","All","16+","2022","29","Scotland"
"% Obese","Women","16+","2022","30","Scotland"
"% Obese","Men","16+","2022","28","Scotland"
"% Meet Activity Guidelines","All","16+","2012","62","Scotland"
"% Meet Activity Guidelines","Women","16+","2012","58","Scotland"
"% Meet Activity Guidelines","Men","16+","2012","67","Scotland"
"% Meet Activity Guidelines","All","16+","2013","64","Scotland"
"% Meet Activity Guidelines","Women","16+","2013","58","Scotland"
"% Meet Activity Guidelines","Men","16+","2013","71","Scotland"
"% Meet Activity Guidelines","All","16+","2014","63","Scotland"
"% Meet Activity Guidelines","Women","16+","2014","59","Scotland"
"% Meet Activity Guidelines","Men","16+","2014","68","Scotland"
"% Meet Activity Guidelines","All","16+","2015","63","Scotland"
"% Meet Activity Guidelines","Women","16+","2015","59","Scotland"
"% Meet Activity Guidelines","Men","16+","2015","67","Scotland"
"% Meet Activity Guidelines","All","16+","2016","64","Scotland"
"% Meet Activity Guidelines","Women","16+","2016","59","Scotland"
"% Meet Activity Guidelines","Men","16+","2016","69","Scotland"
"% Meet Activity Guidelines","All","16+","2017","65","Scotland"
"% Meet Activity Guidelines","Women","16+","2017","60","Scotland"
"% Meet Activity Guidelines","Men","16+","2017","71","Scotland"
"% Meet Activity Guidelines","All","16+","2018","66","Scotland"
"% Meet Activity Guidelines","Women","16+","2018","62","Scotland"
"% Meet Activity Guidelines","Men","16+","2018","70","Scotland"
"% Meet Activity Guidelines","All","16+","2019","66","Scotland"
"% Meet Activity Guidelines","Women","16+","2019","61","Scotland"
"% Meet Activity Guidelines","Men","16+","2019","71","Scotland"
"% Meet Activity Guidelines","All","16+","2021","69","Scotland"
"% Meet Activity Guidelines","Women","16+","2021","65","Scotland"
"% Meet Activity Guidelines","Men","16+","2021","73","Scotland"
"% Meet Activity Guidelines","All","16+","2022","65","Scotland"
"% Meet Activity Guidelines","Women","16+","2022","60","Scotland"
"% Meet Activity Guidelines","Men","16+","2022","70","Scotland"
"% Smoke","All","16+","2008","26","Scotland"
"% Smoke","Women","16+","2008","25","Scotland"
"% Smoke","Men","16+","2008","27","Scotland"
"% Smoke","All","16+","2009","25","Scotland"
"% Smoke","Women","16+","2009","25","Scotland"
"% Smoke","Men","16+","2009","25","Scotland"
"% Smoke","All","16+","2010","25","Scotland"
"% Smoke","Women","16+","2010","25","Scotland"
"% Smoke","Men","16+","2010","26","Scotland"
"% Smoke","All","16+","2011","23","Scotland"
"% Smoke","Women","16+","2011","22","Scotland"
"% Smoke","Men","16+","2011","24","Scotland"
"% Smoke","All","16+","2012","25","Scotland"
"% Smoke","Women","16+","2012","24","Scotland"
"% Smoke","Men","16+","2012","25","Scotland"
"% Smoke","All","16+","2013","21","Scotland"
"% Smoke","Women","16+","2013","20","Scotland"
"% Smoke","Men","16+","2013","23","Scotland"
"% Smoke","All","16+","2014","22","Scotland"
"% Smoke","Women","16+","2014","21","Scotland"
"% Smoke","Men","16+","2014","23","Scotland"
"% Smoke","All","16+","2015","21","Scotland"
"% Smoke","Women","16+","2015","20","Scotland"
"% Smoke","Men","16+","2015","22","Scotland"
"% Smoke","All","16+","2016","21","Scotland"
"% Smoke","Women","16+","2016","20","Scotland"
"% Smoke","Men","16+","2016","23","Scotland"
"% Smoke","All","16+","2017","18","Scotland"
"% Smoke","Women","16+","2017","16","Scotland"
"% Smoke","Men","16+","2017","20","Scotland"
"% Smoke","All","16+","2018","19","Scotland"
"% Smoke","Women","16+","2018","17","Scotland"
"% Smoke","Men","16+","2018","21","Scotland"
"% Smoke","All","16+","2019","17","Scotland"
"% Smoke","Women","16+","2019","16","Scotland"
"% Smoke","Men","16+","2019","19","Scotland"
"% Smoke","All","16+","2021","11","Scotland"
"% Smoke","Women","16+","2021","11","Scotland"
"% Smoke","Men","16+","2021","12","Scotland"
"% Smoke","All","16+","2022","15","Scotland"
"% Smoke","Women","16+","2022","13","Scotland"
"% Smoke","Men","16+","2022","18","Scotland"
"% Uptake Breast Screening","Women","50-70","2012","71.9","Scotland"
"% Uptake Breast Screening","Women","50-70","2013","72.8554527401023","Scotland"
"% Uptake Breast Screening","Women","50-70","2014","72.7648178620979","Scotland"
"% Uptake Breast Screening","Women","50-70","2016","72.0909612475877","Scotland"
"% Uptake Breast Screening","Women","50-70","2017","71.2033185194541","Scotland"
"% Uptake Breast Screening","Women","50-70","2018","73.4274109355364","Scotland"
"% Uptake Breast Screening","Women","50-70","2019","72.0018371595143","Scotland"
"% Uptake Breast Screening","Women","50-70","2020","75.1","Scotland"
"% Uptake Breast Screening","Women","50-70","2021","76.51848","Scotland"
"% Uptake Bowel Screening","Men","50-74","2008","50.0825683338972","Scotland"
"% Uptake Bowel Screening","Men","50-74","2009","50.1038506668785","Scotland"
"% Uptake Bowel Screening","Men","50-74","2010","51.066483706034099","Scotland"
"% Uptake Bowel Screening","Men","50-74","2011","51.699440671734898","Scotland"
"% Uptake Bowel Screening","Men","50-74","2012","52.745328443088098","Scotland"
"% Uptake Bowel Screening","Men","50-74","2013","54.2546414755924","Scotland"
"% Uptake Bowel Screening","Men","50-74","2014","54.925153865585401","Scotland"
"% Uptake Bowel Screening","Men","50-74","2015","54.041621728122898","Scotland"
"% Uptake Bowel Screening","Men","50-74","2016","53.103093757592703","Scotland"
"% Uptake Bowel Screening","Men","50-74","2017","54.922716462298098","Scotland"
"% Uptake Bowel Screening","Men","50-74","2018","59.302331836731597","Scotland"
"% Uptake Bowel Screening","Men","50-74","2019","61.534511092851297","Scotland"
"% Uptake Bowel Screening","Men","50-74","2020","63.128365206905301","Scotland"
"% Uptake Bowel Screening","Men","50-74","2021","64.583233673834798","Scotland"
"% Uptake Bowel Screening","Men","50-74","2022","63.601255379308597","Scotland"
"% Uptake Bowel Screening","Women","50-74","2008","57.438710064137098","Scotland"
"% Uptake Bowel Screening","Women","50-74","2009","57.2564975739974","Scotland"
"% Uptake Bowel Screening","Women","50-74","2010","57.907704911800003","Scotland"
"% Uptake Bowel Screening","Women","50-74","2011","58.116465660677797","Scotland"
"% Uptake Bowel Screening","Women","50-74","2012","58.473783802261202","Scotland"
"% Uptake Bowel Screening","Women","50-74","2013","59.821041369880298","Scotland"
"% Uptake Bowel Screening","Women","50-74","2014","60.841209170691798","Scotland"
"% Uptake Bowel Screening","Women","50-74","2015","60.298497584221302","Scotland"
"% Uptake Bowel Screening","Women","50-74","2016","59.406091930305003","Scotland"
"% Uptake Bowel Screening","Women","50-74","2017","60.637869473005999","Scotland"
"% Uptake Bowel Screening","Women","50-74","2018","64.293720796476904","Scotland"
"% Uptake Bowel Screening","Women","50-74","2019","66.091924517520198","Scotland"
"% Uptake Bowel Screening","Women","50-74","2020","67.462130840094204","Scotland"
"% Uptake Bowel Screening","Women","50-74","2021","69.340430438415098","Scotland"
"% Uptake Bowel Screening","Women","50-74","2022","68.629663644251394","Scotland"
"% Uptake Bowel Screening","All","50-74","2008","53.854277843280798","Scotland"
"% Uptake Bowel Screening","All","50-74","2009","53.767791181256896","Scotland"
"% Uptake Bowel Screening","All","50-74","2010","54.569828823368702","Scotland"
"% Uptake Bowel Screening","All","50-74","2011","54.981831067972799","Scotland"
"% Uptake Bowel Screening","All","50-74","2012","55.6687600529851","Scotland"
"% Uptake Bowel Screening","All","50-74","2013","57.088008797035698","Scotland"
"% Uptake Bowel Screening","All","50-74","2014","57.933908645993903","Scotland"
"% Uptake Bowel Screening","All","50-74","2015","57.220001669850397","Scotland"
"% Uptake Bowel Screening","All","50-74","2016","56.301590792870101","Scotland"
"% Uptake Bowel Screening","All","50-74","2017","57.8186887602659","Scotland"
"% Uptake Bowel Screening","All","50-74","2018","61.828995848021101","Scotland"
"% Uptake Bowel Screening","All","50-74","2019","63.838619687220003","Scotland"
"% Uptake Bowel Screening","All","50-74","2020","65.319826254182502","Scotland"
"% Uptake Bowel Screening","All","50-74","2021","66.9923358199907","Scotland"
"% Uptake Bowel Screening","All","50-74","2022","66.142025809356198","Scotland"
"% Obese","Men","16+","2010","23.4","N. Ireland"
"% Obese","Men","16+","2011","25.1793151378656","N. Ireland"
"% Obese","Men","16+","2012","25.8896046743427","N. Ireland"
"% Obese","Men","16+","2013","24.4967321008247","N. Ireland"
"% Obese","Men","16+","2014","26.2175624032802","N. Ireland"
"% Obese","Men","16+","2015","28.1165919922757","N. Ireland"
"% Obese","Men","16+","2016","28.8211350978808","N. Ireland"
"% Obese","Men","16+","2017","26.7063992873793","N. Ireland"
"% Obese","Men","16+","2018","26.0402063846464","N. Ireland"
"% Obese","Men","16+","2019","27.7577045701433","N. Ireland"
"% Obese","Women","16+","2010","23.39","N. Ireland"
"% Obese","Women","16+","2011","22.146177091393","N. Ireland"
"% Obese","Women","16+","2012","24.2962596190846","N. Ireland"
"% Obese","Women","16+","2013","22.8902918742993","N. Ireland"
"% Obese","Women","16+","2014","23.7674146665811","N. Ireland"
"% Obese","Women","16+","2015","24.7398816964203","N. Ireland"
"% Obese","Women","16+","2016","25.2885827307166","N. Ireland"
"% Obese","Women","16+","2017","26.1065065909623","N. Ireland"
"% Obese","Women","16+","2018","23.9179381443943","N. Ireland"
"% Obese","Women","16+","2019","27.1090481634448","N. Ireland"
"% Drinking Over Guidelines","Men","18+","2010","36.7702608010228","N. Ireland"
"% Drinking Over Guidelines","Men","18+","2011","35.3415862039767","N. Ireland"
"% Drinking Over Guidelines","Men","18+","2013","32.4985334683263","N. Ireland"
"% Drinking Over Guidelines","Men","18+","2015","31.9430041314425","N. Ireland"
"% Drinking Over Guidelines","Men","18+","2017","30.8799897239599","N. Ireland"
"% Drinking Over Guidelines","Men","18+","2019","25.7450123824492","N. Ireland"
"% Drinking Over Guidelines","Men","18+","2022","24.5133422535346","N. Ireland"
"% Drinking Over Guidelines","Women","18+","2010","14.8878346082254","N. Ireland"
"% Drinking Over Guidelines","Women","18+","2011","13.08595902624","N. Ireland"
"% Drinking Over Guidelines","Women","18+","2013","11.3782545049525","N. Ireland"
"% Drinking Over Guidelines","Women","18+","2015","11.2908741592624","N. Ireland"
"% Drinking Over Guidelines","Women","18+","2017","9.10290452595112","N. Ireland"
"% Drinking Over Guidelines","Women","18+","2019","9.01379895839709","N. Ireland"
"% Drinking Over Guidelines","Women","18+","2022","8.61268391868027","N. Ireland"
"% Smoke","Men","16+","2010","24.7975303700886","N. Ireland"
"% Smoke","Men","16+","2011","26.7973305762734","N. Ireland"
"% Smoke","Men","16+","2012","24.9147274475516","N. Ireland"
"% Smoke","Men","16+","2013","22.8540058936096","N. Ireland"
"% Smoke","Men","16+","2014","23.1313966888335","N. Ireland"
"% Smoke","Men","16+","2015","25.204587162383","N. Ireland"
"% Smoke","Men","16+","2016","20.3827506568399","N. Ireland"
"% Smoke","Men","16+","2017","19.8340955378531","N. Ireland"
"% Smoke","Men","16+","2018","19.6109899046608","N. Ireland"
"% Smoke","Men","16+","2019","18.466505131385","N. Ireland"
"% Smoke","Men","16+","2021","19.9561412900663","N. Ireland"
"% Smoke","Men","16+","2022","15.4305763193382","N. Ireland"
"% Smoke","Women","16+","2010","23.4712487523138","N. Ireland"
"% Smoke","Women","16+","2011","23.3065967321915","N. Ireland"
"% Smoke","Women","16+","2012","22.7176311277874","N. Ireland"
"% Smoke","Women","16+","2013","21.197081947205","N. Ireland"
"% Smoke","Women","16+","2014","21.3372417052954","N. Ireland"
"% Smoke","Women","16+","2015","20.3199011387088","N. Ireland"
"% Smoke","Women","16+","2016","19.0609282006014","N. Ireland"
"% Smoke","Women","16+","2017","18.0341882080647","N. Ireland"
"% Smoke","Women","16+","2018","17.4244246146222","N. Ireland"
"% Smoke","Women","16+","2019","16.488028276996","N. Ireland"
"% Smoke","Women","16+","2021","14.808757068069","N. Ireland"
"% Smoke","Women","16+","2022","12.4147624492456","N. Ireland"
"% Meet Activity Guidelines","Men","16+","2012","58.17538020147","N. Ireland"
"% Meet Activity Guidelines","Men","16+","2013","60.6996828921806","N. Ireland"
"% Meet Activity Guidelines","Men","16+","2016","62.5251134837865","N. Ireland"
"% Meet Activity Guidelines","Women","16+","2012","49.5818444377511","N. Ireland"
"% Meet Activity Guidelines","Women","16+","2013","48.503671478414","N. Ireland"
"% Meet Activity Guidelines","Women","16+","2016","52.3473781198825","N. Ireland"
"% Uptake Breast Screening","Women","50-70","2017","75","N. Ireland"
"% Uptake Breast Screening","Women","50-70","2018","77","N. Ireland"
"% Uptake Breast Screening","Women","50-70","2019","76","N. Ireland"
"% Uptake Breast Screening","Women","50-70","2020","72","N. Ireland"
"% Uptake Breast Screening","Women","50-70","2021","75","N. Ireland"
"% Uptake Breast Screening","Women","50-70","2022","74","N. Ireland"
"% Uptake Bowel Screening","All","60-74","2018","54.345082118472","N. Ireland"
"% Uptake Bowel Screening","All","60-74","2019","53.0353490323596","N. Ireland"
"% Uptake Bowel Screening","All","60-74","2020","57.9444123571922","N. Ireland"
"% Uptake Bowel Screening","All","60-74","2021","62.1464147112629","N. Ireland"
"% Uptake Bowel Screening","All","60-74","2022","57.8462397617275","N. Ireland"
"% Smoke","All","16+","2016","18.635683","Wales"
"% Smoke","Men","16+","2016","20.365635","Wales"
"% Smoke","Women","16+","2016","16.995553","Wales"
"% Drinking Over Guidelines","All","16+","2016","20.043366","Wales"
"% Drinking Over Guidelines","Men","16+","2016","26.830934","Wales"
"% Drinking Over Guidelines","Women","16+","2016","13.573241","Wales"
"% Meet Activity Guidelines","All","16+","2016","53.708966","Wales"
"% Meet Activity Guidelines","Men","16+","2016","57.068711","Wales"
"% Meet Activity Guidelines","Women","16+","2016","50.535378","Wales"
"% Obese","All","16+","2016","22.696616","Wales"
"% Obese","Men","16+","2016","23.671577","Wales"
"% Obese","Women","16+","2016","21.682978","Wales"
"% Smoke","All","16+","2017","19.203521","Wales"
"% Smoke","Men","16+","2017","21.104418","Wales"
"% Smoke","Women","16+","2017","17.391864","Wales"
"% Drinking Over Guidelines","All","16+","2017","17.966628","Wales"
"% Drinking Over Guidelines","Men","16+","2017","24.587604","Wales"
"% Drinking Over Guidelines","Women","16+","2017","11.611259","Wales"
"% Meet Activity Guidelines","All","16+","2017","52.555263","Wales"
"% Meet Activity Guidelines","Men","16+","2017","56.691437","Wales"
"% Meet Activity Guidelines","Women","16+","2017","48.583126","Wales"
"% Obese","All","16+","2017","22.280039","Wales"
"% Obese","Men","16+","2017","21.735672","Wales"
"% Obese","Women","16+","2017","22.860279","Wales"
"% Smoke","All","16+","2018","17.051896","Wales"
"% Smoke","Men","16+","2018","17.92019","Wales"
"% Smoke","Women","16+","2018","16.238878","Wales"
"% Drinking Over Guidelines","All","16+","2018","18.407861","Wales"
"% Drinking Over Guidelines","Men","16+","2018","24.990456","Wales"
"% Drinking Over Guidelines","Women","16+","2018","12.197178","Wales"
"% Meet Activity Guidelines","All","16+","2018","52.56478","Wales"
"% Meet Activity Guidelines","Men","16+","2018","58.133756","Wales"
"% Meet Activity Guidelines","Women","16+","2018","47.30203","Wales"
"% Obese","All","16+","2018","23.286196","Wales"
"% Obese","Men","16+","2018","24.001335","Wales"
"% Obese","Women","16+","2018","22.540956","Wales"
"% Smoke","All","16+","2019","17.597961","Wales"
"% Smoke","Men","16+","2019","18.445978","Wales"
"% Smoke","Women","16+","2019","16.819667","Wales"
"% Drinking Over Guidelines","All","16+","2019","18.845484","Wales"
"% Drinking Over Guidelines","Men","16+","2019","24.653476","Wales"
"% Drinking Over Guidelines","Women","16+","2019","13.508584","Wales"
"% Meet Activity Guidelines","All","16+","2019","53.486887","Wales"
"% Meet Activity Guidelines","Men","16+","2019","58.244825","Wales"
"% Meet Activity Guidelines","Women","16+","2019","49.127047","Wales"
"% Obese","All","16+","2019","25.094393","Wales"
"% Obese","Men","16+","2019","26.336447","Wales"
"% Obese","Women","16+","2019","23.869734","Wales"
"% Smoke","Men","16+","2004","27.34263769","Wales"
"% Obese","Men","16+","2004","17.24866425","Wales"
"% Smoke","Men","16+","2005","29.34837987","Wales"
"% Obese","Men","16+","2005","18.07642065","Wales"
"% Smoke","Men","16+","2006","26.63387305","Wales"
"% Obese","Men","16+","2006","19.22751553","Wales"
"% Smoke","Men","16+","2007","25.14846612","Wales"
"% Obese","Men","16+","2007","20.2767017","Wales"
"% Smoke","Men","16+","2008","24.76425736","Wales"
"% Obese","Men","16+","2008","20.66039246","Wales"
"% Smoke","Men","16+","2009","25.67241445","Wales"
"% Obese","Men","16+","2009","21.32515744","Wales"
"% Smoke","Men","16+","2010","24.63573264","Wales"
"% Obese","Men","16+","2010","22.06156304","Wales"
"% Smoke","Men","16+","2011","24.14574443","Wales"
"% Obese","Men","16+","2011","22.07506163","Wales"
"% Smoke","Men","16+","2012","24.53880585","Wales"
"% Obese","Men","16+","2012","23.25016787","Wales"
"% Smoke","Men","16+","2013","22.55300449","Wales"
"% Obese","Men","16+","2013","21.67172107","Wales"
"% Smoke","Men","16+","2014","22.14603","Wales"
"% Obese","Men","16+","2014","21.47145","Wales"
"% Smoke","Men","16+","2015","20.88595","Wales"
"% Meet Activity Guidelines","Men","16+","2015","63.62272","Wales"
"% Obese","Men","16+","2015","22.94955","Wales"
"% Smoke","Women","16+","2004","25.56146054","Wales"
"% Obese","Women","16+","2004","18.12616592","Wales"
"% Smoke","Women","16+","2005","25.97190809","Wales"
"% Obese","Women","16+","2005","18.10780476","Wales"
"% Smoke","Women","16+","2006","24.33928966","Wales"
"% Obese","Women","16+","2006","19.71239296","Wales"
"% Smoke","Women","16+","2007","22.87862193","Wales"
"% Obese","Women","16+","2007","20.71870149","Wales"
"% Smoke","Women","16+","2008","22.39580667","Wales"
"% Obese","Women","16+","2008","20.86057005","Wales"
"% Smoke","Women","16+","2009","22.18701413","Wales"
"% Obese","Women","16+","2009","21.1938355","Wales"
"% Smoke","Women","16+","2010","21.65915439","Wales"
"% Obese","Women","16+","2010","21.33412004","Wales"
"% Smoke","Women","16+","2011","21.1585038","Wales"
"% Obese","Women","16+","2011","22.07834069","Wales"
"% Smoke","Women","16+","2012","20.82563477","Wales"
"% Obese","Women","16+","2012","22.75515148","Wales"
"% Smoke","Women","16+","2013","19.88046776","Wales"
"% Obese","Women","16+","2013","23.05188103","Wales"
"% Smoke","Women","16+","2014","18.79607","Wales"
"% Obese","Women","16+","2014","22.88246","Wales"
"% Smoke","Women","16+","2015","17.90095","Wales"
"% Meet Activity Guidelines","Women","16+","2015","53.04929","Wales"
"% Obese","Women","16+","2015","24.0765","Wales"
"% Smoke","All","16+","2004","26.41500741","Wales"
"% Obese","All","16+","2004","17.70072449","Wales"
"% Smoke","All","16+","2005","27.59077686","Wales"
"% Obese","All","16+","2005","18.092621","Wales"
"% Smoke","All","16+","2006","25.4397176","Wales"
"% Obese","All","16+","2006","19.47729542","Wales"
"% Smoke","All","16+","2007","23.97079732","Wales"
"% Obese","All","16+","2007","20.5012055","Wales"
"% Smoke","All","16+","2008","23.53794583","Wales"
"% Obese","All","16+","2008","20.76207165","Wales"
"% Smoke","All","16+","2009","23.87210626","Wales"
"% Obese","All","16+","2009","21.25857617","Wales"
"% Smoke","All","16+","2010","23.09624669","Wales"
"% Obese","All","16+","2010","21.69412074","Wales"
"% Smoke","All","16+","2011","22.60385759","Wales"
"% Obese","All","16+","2011","22.07672215","Wales"
"% Smoke","All","16+","2012","22.63250903","Wales"
"% Obese","All","16+","2012","23.00194793","Wales"
"% Smoke","All","16+","2013","21.18036651","Wales"
"% Obese","All","16+","2013","22.36437557","Wales"
"% Smoke","All","16+","2014","20.42704","Wales"
"% Obese","All","16+","2014","22.18083","Wales"
"% Smoke","All","16+","2015","19.35533","Wales"
"% Meet Activity Guidelines","All","16+","2015","58.18105","Wales"
"% Obese","All","16+","2015","23.51461","Wales"
"% Uptake Breast Screening","Women","50-70","2010","74.3","Wales"
"% Uptake Breast Screening","Women","50-70","2011","73.2","Wales"
"% Uptake Breast Screening","Women","50-70","2012","71.2","Wales"
"% Uptake Breast Screening","Women","50-70","2013","71.9","Wales"
"% Uptake Breast Screening","Women","50-70","2014","72.1","Wales"
"% Uptake Breast Screening","Women","50-70","2015","70.9","Wales"
"% Uptake Breast Screening","Women","50-70","2016","70.4","Wales"
"% Uptake Breast Screening","Women","50-70","2017","69","Wales"
"% Uptake Breast Screening","Women","50-70","2018","69.1","Wales"
"% Uptake Breast Screening","Women","50-70","2019","68.9","Wales"
"% Uptake Bowel Screening","All","60-74","2012","48.2","Wales"
"% Uptake Bowel Screening","All","60-74","2013","52.6","Wales"
"% Uptake Bowel Screening","All","60-74","2014","50.8","Wales"
"% Uptake Bowel Screening","All","60-74","2015","54.4","Wales"
"% Uptake Bowel Screening","All","60-74","2016","53.4","Wales"
"% Uptake Bowel Screening","All","60-74","2017","55.7","Wales"
"% Uptake Bowel Screening","All","60-74","2018","57.3","Wales"
"% Uptake Bowel Screening","All","60-74","2019","61.5","Wales"
"% Uptake Bowel Screening","All","60-74","2020","67.1359655201706","Wales"
"% Uptake Bowel Screening","All","60-74","2021","67.225122906495","Wales"
