"sex","age_group","variable","cancer_site","PIF_past","PIF_future"
"Men","All","Alcohol","Breast",NA,NA
"Men","All","Alcohol","Colorectum",-0.00375814110993568,-0.00834123060152346
"Men","All","Alcohol","Endometrium",NA,NA
"Men","All","Alcohol","Gallbladder",NA,NA
"Men","All","Alcohol","Kidney",NA,NA
"Men","All","Alcohol","Liver",-0.00162656124450625,-0.012231689697249
"Men","All","Alcohol","MultipleMyeloma",NA,NA
"Men","All","Alcohol","Oral",-0.0123776985314289,-0.040311962475408
"Men","All","Alcohol","Pancreas",NA,NA
"Men","All","Alcohol","Thyroid",NA,NA
"Men","All","BMI","Breast",NA,NA
"Men","All","BMI","Colorectum",0.0191438001407235,0.0131274206244786
"Men","All","BMI","Endometrium",NA,NA
"Men","All","BMI","Gallbladder",0.0227992859832908,0.0172379912768004
"Men","All","BMI","Kidney",0.0265703125550466,0.0179930004328188
"Men","All","BMI","Liver",0.0381509500608038,0.0275364432331038
"Men","All","BMI","MultipleMyeloma",0.00926403166790749,0.00623679531129256
"Men","All","BMI","Oral",NA,NA
"Men","All","BMI","Pancreas",0.0111518361841834,0.0085065465575367
"Men","All","BMI","Thyroid",-0.00146530333465441,-0.00180763086899523
"Men","All","Fibre","Breast",NA,NA
"Men","All","Fibre","Colorectum",0.00333838938638497,-0.00456437444187204
"Men","All","Fibre","Endometrium",NA,NA
"Men","All","Fibre","Gallbladder",NA,NA
"Men","All","Fibre","Kidney",NA,NA
"Men","All","Fibre","Liver",NA,NA
"Men","All","Fibre","MultipleMyeloma",NA,NA
"Men","All","Fibre","Oral",NA,NA
"Men","All","Fibre","Pancreas",NA,NA
"Men","All","Fibre","Thyroid",NA,NA
"Men","All","ProcessedMeat","Breast",NA,NA
"Men","All","ProcessedMeat","Colorectum",-0.00691566572682996,-0.0067365443646068
"Men","All","ProcessedMeat","Endometrium",NA,NA
"Men","All","ProcessedMeat","Gallbladder",NA,NA
"Men","All","ProcessedMeat","Kidney",NA,NA
"Men","All","ProcessedMeat","Liver",NA,NA
"Men","All","ProcessedMeat","MultipleMyeloma",NA,NA
"Men","All","ProcessedMeat","Oral",NA,NA
"Men","All","ProcessedMeat","Pancreas",NA,NA
"Men","All","ProcessedMeat","Thyroid",NA,NA
"Men","All","RedMeat","Breast",NA,NA
"Men","All","RedMeat","Colorectum",-0.00486956048950837,-0.0175195153028151
"Men","All","RedMeat","Endometrium",NA,NA
"Men","All","RedMeat","Gallbladder",NA,NA
"Men","All","RedMeat","Kidney",NA,NA
"Men","All","RedMeat","Liver",NA,NA
"Men","All","RedMeat","MultipleMyeloma",NA,NA
"Men","All","RedMeat","Oral",NA,NA
"Men","All","RedMeat","Pancreas",NA,NA
"Men","All","RedMeat","Thyroid",NA,NA
"Men","All","Smoking","Breast",NA,NA
"Men","All","Smoking","Colorectum",-0.0165281494049633,-0.0111961660089674
"Men","All","Smoking","Endometrium",NA,NA
"Men","All","Smoking","Gallbladder",NA,NA
"Men","All","Smoking","Kidney",NA,NA
"Men","All","Smoking","Liver",-0.0382369085856531,-0.0305234629897793
"Men","All","Smoking","MultipleMyeloma",NA,NA
"Men","All","Smoking","Oral",-0.0786922069189055,-0.0910818687838385
"Men","All","Smoking","Pancreas",-0.0317087273957905,-0.0353422511278052
"Men","All","Smoking","Thyroid",NA,NA
"Men","All","physical_activity","Breast",NA,NA
"Men","All","physical_activity","Colorectum",-0.00554548321594211,-0.000540837950213645
"Men","All","physical_activity","Endometrium",NA,NA
"Men","All","physical_activity","Gallbladder",NA,NA
"Men","All","physical_activity","Kidney",NA,NA
"Men","All","physical_activity","Liver",NA,NA
"Men","All","physical_activity","MultipleMyeloma",NA,NA
"Men","All","physical_activity","Oral",NA,NA
"Men","All","physical_activity","Pancreas",NA,NA
"Men","All","physical_activity","Thyroid",NA,NA
"Women","All","Alcohol","Breast",0.0066068488901556,-0.00434141289723708
"Women","All","Alcohol","Colorectum",0.0063180357381375,-0.0031120359388029
"Women","All","Alcohol","Endometrium",NA,NA
"Women","All","Alcohol","Gallbladder",NA,NA
"Women","All","Alcohol","Kidney",NA,NA
"Women","All","Alcohol","Liver",0.0103265492883418,-0.00332823125474544
"Women","All","Alcohol","MultipleMyeloma",NA,NA
"Women","All","Alcohol","Oral",0.0328171278033802,-0.0161523126330514
"Women","All","Alcohol","Pancreas",NA,NA
"Women","All","Alcohol","Thyroid",NA,NA
"Women","All","BMI","Breast",0.00745490364420505,0.00769514646440817
"Women","All","BMI","Colorectum",0.0164562966700359,0.0174562110186717
"Women","All","BMI","Endometrium",0.0627723576541173,0.0691536053597385
"Women","All","BMI","Gallbladder",0.0228169856740832,0.0244818004322192
"Women","All","BMI","Kidney",0.0304748467843914,0.0326826679891241
"Women","All","BMI","Liver",0.0295214648478352,0.0340032573209651
"Women","All","BMI","MultipleMyeloma",0.0081763878935436,0.00845721787704005
"Women","All","BMI","Oral",NA,NA
"Women","All","BMI","Pancreas",0.00806011499714764,0.0101142593829524
"Women","All","BMI","Thyroid",3.50518718180782e-05,-0.00141727580437208
"Women","All","Fibre","Breast",NA,NA
"Women","All","Fibre","Colorectum",0.00351661252108637,-0.00796489834424012
"Women","All","Fibre","Endometrium",NA,NA
"Women","All","Fibre","Gallbladder",NA,NA
"Women","All","Fibre","Kidney",NA,NA
"Women","All","Fibre","Liver",NA,NA
"Women","All","Fibre","MultipleMyeloma",NA,NA
"Women","All","Fibre","Oral",NA,NA
"Women","All","Fibre","Pancreas",NA,NA
"Women","All","Fibre","Thyroid",NA,NA
"Women","All","ProcessedMeat","Breast",NA,NA
"Women","All","ProcessedMeat","Colorectum",0.000916886435764972,-0.0117195687052097
"Women","All","ProcessedMeat","Endometrium",NA,NA
"Women","All","ProcessedMeat","Gallbladder",NA,NA
"Women","All","ProcessedMeat","Kidney",NA,NA
"Women","All","ProcessedMeat","Liver",NA,NA
"Women","All","ProcessedMeat","MultipleMyeloma",NA,NA
"Women","All","ProcessedMeat","Oral",NA,NA
"Women","All","ProcessedMeat","Pancreas",NA,NA
"Women","All","ProcessedMeat","Thyroid",NA,NA
"Women","All","RedMeat","Breast",NA,NA
"Women","All","RedMeat","Colorectum",-0.00847525169806468,-0.00584712081160527
"Women","All","RedMeat","Endometrium",NA,NA
"Women","All","RedMeat","Gallbladder",NA,NA
"Women","All","RedMeat","Kidney",NA,NA
"Women","All","RedMeat","Liver",NA,NA
"Women","All","RedMeat","MultipleMyeloma",NA,NA
"Women","All","RedMeat","Oral",NA,NA
"Women","All","RedMeat","Pancreas",NA,NA
"Women","All","RedMeat","Thyroid",NA,NA
"Women","All","Smoking","Breast",NA,NA
"Women","All","Smoking","Colorectum",-0.00780089929766938,-0.0114964890587902
"Women","All","Smoking","Endometrium",NA,NA
"Women","All","Smoking","Gallbladder",NA,NA
"Women","All","Smoking","Kidney",NA,NA
"Women","All","Smoking","Liver",-0.0368147037299891,-0.045084077222214
"Women","All","Smoking","MultipleMyeloma",NA,NA
"Women","All","Smoking","Oral",-0.0910226953179571,-0.0968347660406213
"Women","All","Smoking","Pancreas",-0.0430434628082853,-0.0449722201301047
"Women","All","Smoking","Thyroid",NA,NA
"Women","All","physical_activity","Breast",-0.00214720141154853,-0.000610436260712985
"Women","All","physical_activity","Colorectum",-0.00623937242143816,-0.00177588153523941
"Women","All","physical_activity","Endometrium",NA,NA
"Women","All","physical_activity","Gallbladder",NA,NA
"Women","All","physical_activity","Kidney",NA,NA
"Women","All","physical_activity","Liver",NA,NA
"Women","All","physical_activity","MultipleMyeloma",NA,NA
"Women","All","physical_activity","Oral",NA,NA
"Women","All","physical_activity","Pancreas",NA,NA
"Women","All","physical_activity","Thyroid",NA,NA
