"Year","Country","Cancer_Site","Sex","Incidences","ASR"
1995,"England","All sites excl. NMSC","Men",105652,641.4
1996,"England","All sites excl. NMSC","Men",105818,636.7
1997,"England","All sites excl. NMSC","Men",108776,646.9
1998,"England","All sites excl. NMSC","Men",109113,641.6
1999,"England","All sites excl. NMSC","Men",111433,647.6
2000,"England","All sites excl. NMSC","Men",114695,657.2
2001,"England","All sites excl. NMSC","Men",117203,662.2
2002,"England","All sites excl. NMSC","Men",116598,648.2
2003,"England","All sites excl. NMSC","Men",117197,643.2
2004,"England","All sites excl. NMSC","Men",122309,660.6
2005,"England","All sites excl. NMSC","Men",123053,653.8
2006,"England","All sites excl. NMSC","Men",127895,670.3
2007,"England","All sites excl. NMSC","Men",129224,664.3
2008,"England","All sites excl. NMSC","Men",134378,677.6
2009,"England","All sites excl. NMSC","Men",139329,687.8
2010,"England","All sites excl. NMSC","Men",141060,682.9
2011,"England","All sites excl. NMSC","Men",143904,684.3
2012,"England","All sites excl. NMSC","Men",149683,697.9
2013,"England","All sites excl. NMSC","Men",156323,714.8
2014,"England","All sites excl. NMSC","Men",155032,690.6
2015,"England","All sites excl. NMSC","Men",157611,688.4
2016,"England","All sites excl. NMSC","Men",159600,683.9
2017,"England","All sites excl. NMSC","Men",159931,670.9
2018,"England","All sites excl. NMSC","Men",169674,697.5
2019,"England","All sites excl. NMSC","Men",170857,689.2
2020,"England","All sites excl. NMSC","Men",148210,590
1995,"England","All sites excl. NMSC","Women",105988,464.5
1996,"England","All sites excl. NMSC","Women",106966,466.9
1997,"England","All sites excl. NMSC","Women",111247,483.7
1998,"England","All sites excl. NMSC","Women",111506,482.5
1999,"England","All sites excl. NMSC","Women",114153,491.9
2000,"England","All sites excl. NMSC","Women",114650,490.5
2001,"England","All sites excl. NMSC","Women",115992,492.6
2002,"England","All sites excl. NMSC","Women",114459,483.6
2003,"England","All sites excl. NMSC","Women",118399,496.9
2004,"England","All sites excl. NMSC","Women",119115,497.6
2005,"England","All sites excl. NMSC","Women",121936,506.1
2006,"England","All sites excl. NMSC","Women",125202,515.2
2007,"England","All sites excl. NMSC","Women",126610,515.7
2008,"England","All sites excl. NMSC","Women",131748,530.9
2009,"England","All sites excl. NMSC","Women",133226,530.5
2010,"England","All sites excl. NMSC","Women",135448,533.5
2011,"England","All sites excl. NMSC","Women",138642,540.2
2012,"England","All sites excl. NMSC","Women",142470,547.4
2013,"England","All sites excl. NMSC","Women",147345,558.6
2014,"England","All sites excl. NMSC","Women",148779,555.9
2015,"England","All sites excl. NMSC","Women",149779,553.2
2016,"England","All sites excl. NMSC","Women",151117,551.6
2017,"England","All sites excl. NMSC","Women",151621,546.3
2018,"England","All sites excl. NMSC","Women",154668,550.7
2019,"England","All sites excl. NMSC","Women",158328,555.6
2020,"England","All sites excl. NMSC","Women",140543,487.5
1993,"Nothern Ireland","All sites excl. NMSC","Men",3107,674.1
1994,"Nothern Ireland","All sites excl. NMSC","Men",3097,659.3
1995,"Nothern Ireland","All sites excl. NMSC","Men",3035,651.7
1996,"Nothern Ireland","All sites excl. NMSC","Men",3139,652.9
1997,"Nothern Ireland","All sites excl. NMSC","Men",3023,631.3
1998,"Nothern Ireland","All sites excl. NMSC","Men",3120,640.6
1999,"Nothern Ireland","All sites excl. NMSC","Men",3013,607.8
2000,"Nothern Ireland","All sites excl. NMSC","Men",3120,612.8
2001,"Nothern Ireland","All sites excl. NMSC","Men",3280,642.5
2002,"Nothern Ireland","All sites excl. NMSC","Men",3314,638.4
2003,"Nothern Ireland","All sites excl. NMSC","Men",3453,652.9
2004,"Nothern Ireland","All sites excl. NMSC","Men",3567,653.7
2005,"Nothern Ireland","All sites excl. NMSC","Men",3622,645.9
2006,"Nothern Ireland","All sites excl. NMSC","Men",3783,666.7
2007,"Nothern Ireland","All sites excl. NMSC","Men",4050,687.4
2008,"Nothern Ireland","All sites excl. NMSC","Men",4196,706.3
2009,"Nothern Ireland","All sites excl. NMSC","Men",4229,696.9
2010,"Nothern Ireland","All sites excl. NMSC","Men",4176,673.2
2011,"Nothern Ireland","All sites excl. NMSC","Men",4497,706.6
2012,"Nothern Ireland","All sites excl. NMSC","Men",4526,694.3
2013,"Nothern Ireland","All sites excl. NMSC","Men",4529,677.6
2014,"Nothern Ireland","All sites excl. NMSC","Men",4645,677.8
2015,"Nothern Ireland","All sites excl. NMSC","Men",4778,680.9
2016,"Nothern Ireland","All sites excl. NMSC","Men",4791,672.8
2017,"Nothern Ireland","All sites excl. NMSC","Men",4974,675.7
2018,"Nothern Ireland","All sites excl. NMSC","Men",5054,675
2019,"Nothern Ireland","All sites excl. NMSC","Men",5294,686.8
2020,"Nothern Ireland","All sites excl. NMSC","Men",4904,629.5
2021,"Nothern Ireland","All sites excl. NMSC","Men",5375,664.6
1993,"Nothern Ireland","All sites excl. NMSC","Women",3158,478.1
1994,"Nothern Ireland","All sites excl. NMSC","Women",3087,465.1
1995,"Nothern Ireland","All sites excl. NMSC","Women",3151,472.9
1996,"Nothern Ireland","All sites excl. NMSC","Women",3250,481.8
1997,"Nothern Ireland","All sites excl. NMSC","Women",3268,478.8
1998,"Nothern Ireland","All sites excl. NMSC","Women",3295,478.8
1999,"Nothern Ireland","All sites excl. NMSC","Women",3317,478.4
2000,"Nothern Ireland","All sites excl. NMSC","Women",3387,487.5
2001,"Nothern Ireland","All sites excl. NMSC","Women",3281,464.3
2002,"Nothern Ireland","All sites excl. NMSC","Women",3475,486.7
2003,"Nothern Ireland","All sites excl. NMSC","Women",3560,493.3
2004,"Nothern Ireland","All sites excl. NMSC","Women",3635,496.8
2005,"Nothern Ireland","All sites excl. NMSC","Women",3628,488.4
2006,"Nothern Ireland","All sites excl. NMSC","Women",3686,489.6
2007,"Nothern Ireland","All sites excl. NMSC","Women",3896,511.7
2008,"Nothern Ireland","All sites excl. NMSC","Women",4090,526.7
2009,"Nothern Ireland","All sites excl. NMSC","Women",4135,527.9
2010,"Nothern Ireland","All sites excl. NMSC","Women",4110,515.3
2011,"Nothern Ireland","All sites excl. NMSC","Women",4335,536.6
2012,"Nothern Ireland","All sites excl. NMSC","Women",4486,547.7
2013,"Nothern Ireland","All sites excl. NMSC","Women",4564,547.5
2014,"Nothern Ireland","All sites excl. NMSC","Women",4574,541.1
2015,"Nothern Ireland","All sites excl. NMSC","Women",4729,551.7
2016,"Nothern Ireland","All sites excl. NMSC","Women",4931,567.2
2017,"Nothern Ireland","All sites excl. NMSC","Women",4904,556.4
2018,"Nothern Ireland","All sites excl. NMSC","Women",5034,562.4
2019,"Nothern Ireland","All sites excl. NMSC","Women",5049,556.5
2020,"Nothern Ireland","All sites excl. NMSC","Women",4581,498
2021,"Nothern Ireland","All sites excl. NMSC","Women",5138,548
1997,"Scotland","All sites excl. NMSC","Men",12610,752.427657837191
1998,"Scotland","All sites excl. NMSC","Men",12485,731.853465328919
1999,"Scotland","All sites excl. NMSC","Men",12432,723.267119285858
2000,"Scotland","All sites excl. NMSC","Men",12542,719.239830032566
2001,"Scotland","All sites excl. NMSC","Men",12766,719.3582815537
2002,"Scotland","All sites excl. NMSC","Men",13162,730.926291646921
2003,"Scotland","All sites excl. NMSC","Men",13292,732.687129875834
2004,"Scotland","All sites excl. NMSC","Men",13613,739.034575994681
2005,"Scotland","All sites excl. NMSC","Men",13337,704.885293475501
2006,"Scotland","All sites excl. NMSC","Men",13765,722.867218680828
2007,"Scotland","All sites excl. NMSC","Men",13973,715.410854342752
2008,"Scotland","All sites excl. NMSC","Men",14490,725.525658587221
2009,"Scotland","All sites excl. NMSC","Men",14957,734.511327034318
2010,"Scotland","All sites excl. NMSC","Men",14766,710.863903646864
2011,"Scotland","All sites excl. NMSC","Men",15395,727.306071922665
2012,"Scotland","All sites excl. NMSC","Men",15350,710.446352369014
2013,"Scotland","All sites excl. NMSC","Men",15863,720.781423645227
2014,"Scotland","All sites excl. NMSC","Men",16299,724.067944108283
2015,"Scotland","All sites excl. NMSC","Men",16015,701.19314499243
2016,"Scotland","All sites excl. NMSC","Men",16146,694.266611210807
2017,"Scotland","All sites excl. NMSC","Men",16413,693.146230785206
2018,"Scotland","All sites excl. NMSC","Men",17286,714.849737381691
2019,"Scotland","All sites excl. NMSC","Men",16463,668.106597663738
2020,"Scotland","All sites excl. NMSC","Men",15248,612.30176274491
2021,"Scotland","All sites excl. NMSC","Men",17600,694.592329744837
1997,"Scotland","All sites excl. NMSC","Women",13590,561.161839065039
1998,"Scotland","All sites excl. NMSC","Women",13280,545.701598367218
1999,"Scotland","All sites excl. NMSC","Women",13420,548.632353002277
2000,"Scotland","All sites excl. NMSC","Women",13630,555.088078403344
2001,"Scotland","All sites excl. NMSC","Women",13435,542.953427755356
2002,"Scotland","All sites excl. NMSC","Women",13609,545.950805866468
2003,"Scotland","All sites excl. NMSC","Women",13845,552.114359384663
2004,"Scotland","All sites excl. NMSC","Women",14237,563.819505973967
2005,"Scotland","All sites excl. NMSC","Women",14198,557.924547087738
2006,"Scotland","All sites excl. NMSC","Women",14314,557.995529724028
2007,"Scotland","All sites excl. NMSC","Women",14961,577.831802294762
2008,"Scotland","All sites excl. NMSC","Women",15350,586.117896158362
2009,"Scotland","All sites excl. NMSC","Women",15689,593.055322391262
2010,"Scotland","All sites excl. NMSC","Women",15868,594.533641695318
2011,"Scotland","All sites excl. NMSC","Women",15956,591.009324766022
2012,"Scotland","All sites excl. NMSC","Women",16350,598.890439350632
2013,"Scotland","All sites excl. NMSC","Women",16509,599.376972738892
2014,"Scotland","All sites excl. NMSC","Women",16658,596.890214098054
2015,"Scotland","All sites excl. NMSC","Women",16765,596.018392442247
2016,"Scotland","All sites excl. NMSC","Women",16659,586.376590379784
2017,"Scotland","All sites excl. NMSC","Women",16731,582.197820821042
2018,"Scotland","All sites excl. NMSC","Women",17639,608.367975897735
2019,"Scotland","All sites excl. NMSC","Women",17056,581.22508059258
2020,"Scotland","All sites excl. NMSC","Women",15615,527.808273321847
2021,"Scotland","All sites excl. NMSC","Women",17779,593.979082366951
2002,"Wales","All sites excl. NMSC","Men",NA,713
2003,"Wales","All sites excl. NMSC","Men",NA,736.7
2004,"Wales","All sites excl. NMSC","Men",NA,754.3
2005,"Wales","All sites excl. NMSC","Men",NA,726.1
2006,"Wales","All sites excl. NMSC","Men",NA,747
2007,"Wales","All sites excl. NMSC","Men",NA,747.7
2008,"Wales","All sites excl. NMSC","Men",NA,745
2009,"Wales","All sites excl. NMSC","Men",NA,723.2
2010,"Wales","All sites excl. NMSC","Men",NA,728
2011,"Wales","All sites excl. NMSC","Men",NA,718.7
2012,"Wales","All sites excl. NMSC","Men",NA,702.8
2013,"Wales","All sites excl. NMSC","Men",NA,732.4
2014,"Wales","All sites excl. NMSC","Men",NA,726
2015,"Wales","All sites excl. NMSC","Men",NA,704.8
2016,"Wales","All sites excl. NMSC","Men",NA,704.6
2017,"Wales","All sites excl. NMSC","Men",NA,672.4
2018,"Wales","All sites excl. NMSC","Men",NA,723.5
2019,"Wales","All sites excl. NMSC","Men",NA,694.9
2020,"Wales","All sites excl. NMSC","Men",NA,580.6
2002,"Wales","All sites excl. NMSC","Women",NA,530.9
2003,"Wales","All sites excl. NMSC","Women",NA,528
2004,"Wales","All sites excl. NMSC","Women",NA,538.9
2005,"Wales","All sites excl. NMSC","Women",NA,535.5
2006,"Wales","All sites excl. NMSC","Women",NA,552
2007,"Wales","All sites excl. NMSC","Women",NA,544.2
2008,"Wales","All sites excl. NMSC","Women",NA,559.7
2009,"Wales","All sites excl. NMSC","Women",NA,552.7
2010,"Wales","All sites excl. NMSC","Women",NA,560.8
2011,"Wales","All sites excl. NMSC","Women",NA,564.7
2012,"Wales","All sites excl. NMSC","Women",NA,550.8
2013,"Wales","All sites excl. NMSC","Women",NA,582.9
2014,"Wales","All sites excl. NMSC","Women",NA,579
2015,"Wales","All sites excl. NMSC","Women",NA,567.9
2016,"Wales","All sites excl. NMSC","Women",NA,562.2
2017,"Wales","All sites excl. NMSC","Women",NA,540.4
2018,"Wales","All sites excl. NMSC","Women",NA,546.5
2019,"Wales","All sites excl. NMSC","Women",NA,552.6
2020,"Wales","All sites excl. NMSC","Women",NA,479.3
1995,"England","Breast","Women",30654,137.3
1996,"England","Breast","Women",31274,139
1997,"England","Breast","Women",33085,146.1
1998,"England","Breast","Women",33835,148.6
1999,"England","Breast","Women",35114,153.2
2000,"England","Breast","Women",34884,150.8
2001,"England","Breast","Women",35597,152.7
2002,"England","Breast","Women",35541,151.9
2003,"England","Breast","Women",37656,159.8
2004,"England","Breast","Women",37916,159.9
2005,"England","Breast","Women",38868,162.8
2006,"England","Breast","Women",38897,161.4
2007,"England","Breast","Women",38907,159.8
2008,"England","Breast","Women",40754,165.3
2009,"England","Breast","Women",40688,162.8
2010,"England","Breast","Women",41786,165.2
2011,"England","Breast","Women",41967,164.1
2012,"England","Breast","Women",43138,166.2
2013,"England","Breast","Women",44966,171.3
2014,"England","Breast","Women",46321,174.2
2015,"England","Breast","Women",46009,171
2016,"England","Breast","Women",45893,168.8
2017,"England","Breast","Women",45967,167.3
2018,"England","Breast","Women",47815,172.3
2019,"England","Breast","Women",48091,171.3
2020,"England","Breast","Women",39871,140.8
1993,"Nothern Ireland","Breast","Women",768,117.9
1994,"Nothern Ireland","Breast","Women",831,126.9
1995,"Nothern Ireland","Breast","Women",881,133.9
1996,"Nothern Ireland","Breast","Women",848,126.1
1997,"Nothern Ireland","Breast","Women",857,126.5
1998,"Nothern Ireland","Breast","Women",907,131.8
1999,"Nothern Ireland","Breast","Women",938,134.9
2000,"Nothern Ireland","Breast","Women",951,136.6
2001,"Nothern Ireland","Breast","Women",925,130.6
2002,"Nothern Ireland","Breast","Women",957,132.4
2003,"Nothern Ireland","Breast","Women",1035,142.4
2004,"Nothern Ireland","Breast","Women",1134,153.9
2005,"Nothern Ireland","Breast","Women",1081,144
2006,"Nothern Ireland","Breast","Women",995,130.8
2007,"Nothern Ireland","Breast","Women",1163,151.4
2008,"Nothern Ireland","Breast","Women",1184,151.6
2009,"Nothern Ireland","Breast","Women",1234,156.4
2010,"Nothern Ireland","Breast","Women",1217,151.2
2011,"Nothern Ireland","Breast","Women",1299,159
2012,"Nothern Ireland","Breast","Women",1330,161.2
2013,"Nothern Ireland","Breast","Women",1303,155.6
2014,"Nothern Ireland","Breast","Women",1300,152.3
2015,"Nothern Ireland","Breast","Women",1467,170.8
2016,"Nothern Ireland","Breast","Women",1445,165.4
2017,"Nothern Ireland","Breast","Women",1487,167.8
2018,"Nothern Ireland","Breast","Women",1526,170
2019,"Nothern Ireland","Breast","Women",1467,161.6
2020,"Nothern Ireland","Breast","Women",1361,147.9
2021,"Nothern Ireland","Breast","Women",1610,172.5
1997,"Scotland","Breast","Women",3466,144.975601439063
1998,"Scotland","Breast","Women",3625,150.000697424953
1999,"Scotland","Breast","Women",3689,151.674213886198
2000,"Scotland","Breast","Women",3737,152.815240628673
2001,"Scotland","Breast","Women",3625,146.962910472888
2002,"Scotland","Breast","Women",3724,149.789351345364
2003,"Scotland","Breast","Women",3911,156.253935717853
2004,"Scotland","Breast","Women",3979,157.522527302871
2005,"Scotland","Breast","Women",4066,159.373958428378
2006,"Scotland","Breast","Women",4151,161.762057040405
2007,"Scotland","Breast","Women",4137,159.580761927536
2008,"Scotland","Breast","Women",4316,164.178043854661
2009,"Scotland","Breast","Women",4419,166.606458645374
2010,"Scotland","Breast","Women",4504,167.802845832739
2011,"Scotland","Breast","Women",4599,169.806255709858
2012,"Scotland","Breast","Women",4631,169.087571130039
2013,"Scotland","Breast","Women",4699,170.009143169586
2014,"Scotland","Breast","Women",4610,165.00161703167
2015,"Scotland","Breast","Women",4768,169.817163166617
2016,"Scotland","Breast","Women",4649,163.593008653921
2017,"Scotland","Breast","Women",4723,165.144299984608
2018,"Scotland","Breast","Women",5048,175.339888506193
2019,"Scotland","Breast","Women",4845,166.7116913476
2020,"Scotland","Breast","Women",4306,147.971661532904
2021,"Scotland","Breast","Women",5143,174.178669710301
2002,"Wales","Breast","Women",NA,160
2003,"Wales","Breast","Women",NA,162.4
2004,"Wales","Breast","Women",NA,160.6
2005,"Wales","Breast","Women",NA,159.7
2006,"Wales","Breast","Women",NA,164.3
2007,"Wales","Breast","Women",NA,162.8
2008,"Wales","Breast","Women",NA,172.1
2009,"Wales","Breast","Women",NA,168
2010,"Wales","Breast","Women",NA,170.4
2011,"Wales","Breast","Women",NA,162.8
2012,"Wales","Breast","Women",NA,156.3
2013,"Wales","Breast","Women",NA,179.4
2014,"Wales","Breast","Women",NA,181.1
2015,"Wales","Breast","Women",NA,174.6
2016,"Wales","Breast","Women",NA,171.5
2017,"Wales","Breast","Women",NA,165.6
2018,"Wales","Breast","Women",NA,165
2019,"Wales","Breast","Women",NA,164.8
2020,"Wales","Breast","Women",NA,136.6
1995,"England","Colorectal","Men",13660,83.5
1996,"England","Colorectal","Men",14420,87.3
1997,"England","Colorectal","Men",14767,88.4
1998,"England","Colorectal","Men",15098,89.3
1999,"England","Colorectal","Men",15166,88.8
2000,"England","Colorectal","Men",15580,90
2001,"England","Colorectal","Men",15184,86.8
2002,"England","Colorectal","Men",15271,85.7
2003,"England","Colorectal","Men",15602,86.6
2004,"England","Colorectal","Men",16180,88.4
2005,"England","Colorectal","Men",16518,89
2006,"England","Colorectal","Men",16917,89.5
2007,"England","Colorectal","Men",17210,89.6
2008,"England","Colorectal","Men",18230,92.9
2009,"England","Colorectal","Men",18582,92.6
2010,"England","Colorectal","Men",18893,92.3
2011,"England","Colorectal","Men",19395,92.9
2012,"England","Colorectal","Men",19834,93.3
2013,"England","Colorectal","Men",19201,88.6
2014,"England","Colorectal","Men",19018,85.7
2015,"England","Colorectal","Men",19431,85.8
2016,"England","Colorectal","Men",19831,85.5
2017,"England","Colorectal","Men",19627,82.9
2018,"England","Colorectal","Men",20237,83.8
2019,"England","Colorectal","Men",21015,85
2020,"England","Colorectal","Men",19010,76
1995,"England","Colorectal","Women",12699,54.8
1996,"England","Colorectal","Women",13168,56.8
1997,"England","Colorectal","Women",13137,56.4
1998,"England","Colorectal","Women",13534,57.9
1999,"England","Colorectal","Women",13343,56.9
2000,"England","Colorectal","Women",13279,56.4
2001,"England","Colorectal","Women",13009,54.8
2002,"England","Colorectal","Women",12921,54
2003,"England","Colorectal","Women",12977,54
2004,"England","Colorectal","Women",13370,55.5
2005,"England","Colorectal","Women",13581,56.1
2006,"England","Colorectal","Women",13941,57
2007,"England","Colorectal","Women",14317,58
2008,"England","Colorectal","Women",14623,58.7
2009,"England","Colorectal","Women",14818,58.7
2010,"England","Colorectal","Women",14930,58.7
2011,"England","Colorectal","Women",15446,59.8
2012,"England","Colorectal","Women",15528,59.4
2013,"England","Colorectal","Women",15321,57.6
2014,"England","Colorectal","Women",15484,57.2
2015,"England","Colorectal","Women",15846,57.8
2016,"England","Colorectal","Women",15631,56.3
2017,"England","Colorectal","Women",15636,55.6
2018,"England","Colorectal","Women",16056,56.2
2019,"England","Colorectal","Women",16828,58.1
2020,"England","Colorectal","Women",15395,52.4
1993,"Nothern Ireland","Colorectal","Men",471,103
1994,"Nothern Ireland","Colorectal","Men",476,103.7
1995,"Nothern Ireland","Colorectal","Men",485,109.2
1996,"Nothern Ireland","Colorectal","Men",490,102
1997,"Nothern Ireland","Colorectal","Men",452,96
1998,"Nothern Ireland","Colorectal","Men",481,101.2
1999,"Nothern Ireland","Colorectal","Men",448,91.4
2000,"Nothern Ireland","Colorectal","Men",447,88.6
2001,"Nothern Ireland","Colorectal","Men",520,102.9
2002,"Nothern Ireland","Colorectal","Men",459,90.2
2003,"Nothern Ireland","Colorectal","Men",541,103.7
2004,"Nothern Ireland","Colorectal","Men",513,94.1
2005,"Nothern Ireland","Colorectal","Men",568,102.2
2006,"Nothern Ireland","Colorectal","Men",568,102.7
2007,"Nothern Ireland","Colorectal","Men",632,109.5
2008,"Nothern Ireland","Colorectal","Men",589,99.2
2009,"Nothern Ireland","Colorectal","Men",606,103.5
2010,"Nothern Ireland","Colorectal","Men",655,106.7
2011,"Nothern Ireland","Colorectal","Men",680,107.2
2012,"Nothern Ireland","Colorectal","Men",721,111.7
2013,"Nothern Ireland","Colorectal","Men",669,100.8
2014,"Nothern Ireland","Colorectal","Men",658,96
2015,"Nothern Ireland","Colorectal","Men",644,93.1
2016,"Nothern Ireland","Colorectal","Men",633,90.8
2017,"Nothern Ireland","Colorectal","Men",634,87.3
2018,"Nothern Ireland","Colorectal","Men",642,87
2019,"Nothern Ireland","Colorectal","Men",703,91.8
2020,"Nothern Ireland","Colorectal","Men",649,83.8
2021,"Nothern Ireland","Colorectal","Men",781,95.7
1993,"Nothern Ireland","Colorectal","Women",448,69
1994,"Nothern Ireland","Colorectal","Women",425,65.3
1995,"Nothern Ireland","Colorectal","Women",482,72.7
1996,"Nothern Ireland","Colorectal","Women",451,67.7
1997,"Nothern Ireland","Colorectal","Women",439,65.5
1998,"Nothern Ireland","Colorectal","Women",431,64.4
1999,"Nothern Ireland","Colorectal","Women",443,64.9
2000,"Nothern Ireland","Colorectal","Women",412,60.3
2001,"Nothern Ireland","Colorectal","Women",419,60.1
2002,"Nothern Ireland","Colorectal","Women",435,62.4
2003,"Nothern Ireland","Colorectal","Women",439,61.7
2004,"Nothern Ireland","Colorectal","Women",454,63.8
2005,"Nothern Ireland","Colorectal","Women",409,56.8
2006,"Nothern Ireland","Colorectal","Women",462,62.8
2007,"Nothern Ireland","Colorectal","Women",512,68.2
2008,"Nothern Ireland","Colorectal","Women",505,66.4
2009,"Nothern Ireland","Colorectal","Women",468,60.8
2010,"Nothern Ireland","Colorectal","Women",507,65.1
2011,"Nothern Ireland","Colorectal","Women",551,69.8
2012,"Nothern Ireland","Colorectal","Women",518,64.2
2013,"Nothern Ireland","Colorectal","Women",560,67.6
2014,"Nothern Ireland","Colorectal","Women",514,61.3
2015,"Nothern Ireland","Colorectal","Women",490,57.7
2016,"Nothern Ireland","Colorectal","Women",519,60.1
2017,"Nothern Ireland","Colorectal","Women",536,61.3
2018,"Nothern Ireland","Colorectal","Women",541,60.7
2019,"Nothern Ireland","Colorectal","Women",536,59
2020,"Nothern Ireland","Colorectal","Women",455,49.2
2021,"Nothern Ireland","Colorectal","Women",604,64.1
1997,"Scotland","Colorectal","Men",1803,108.214717123282
1998,"Scotland","Colorectal","Men",1787,105.878960287287
1999,"Scotland","Colorectal","Men",1819,108.288800481702
2000,"Scotland","Colorectal","Men",1884,107.969008335662
2001,"Scotland","Colorectal","Men",1849,106.18695229547
2002,"Scotland","Colorectal","Men",1818,101.851932909192
2003,"Scotland","Colorectal","Men",1903,107.45467041526
2004,"Scotland","Colorectal","Men",1910,105.465318484559
2005,"Scotland","Colorectal","Men",1895,101.945836446666
2006,"Scotland","Colorectal","Men",1891,100.29370249649
2007,"Scotland","Colorectal","Men",2017,105.114707608436
2008,"Scotland","Colorectal","Men",2140,108.128448775602
2009,"Scotland","Colorectal","Men",2169,107.715875050662
2010,"Scotland","Colorectal","Men",2220,107.010886761012
2011,"Scotland","Colorectal","Men",2257,107.419167032832
2012,"Scotland","Colorectal","Men",2132,99.6337275973654
2013,"Scotland","Colorectal","Men",2122,96.4720747517496
2014,"Scotland","Colorectal","Men",2086,93.6447508962657
2015,"Scotland","Colorectal","Men",2004,88.9563005480991
2016,"Scotland","Colorectal","Men",1981,85.5417778537054
2017,"Scotland","Colorectal","Men",2171,92.2043376240734
2018,"Scotland","Colorectal","Men",2175,90.2137372934996
2019,"Scotland","Colorectal","Men",2189,89.214133841999
2020,"Scotland","Colorectal","Men",1824,74.0693305226253
2021,"Scotland","Colorectal","Men",2343,92.4979255506953
1997,"Scotland","Colorectal","Women",1610,66.1598928509049
1998,"Scotland","Colorectal","Women",1533,62.9309283665953
1999,"Scotland","Colorectal","Women",1627,66.5433176756739
2000,"Scotland","Colorectal","Women",1687,68.7400312161517
2001,"Scotland","Colorectal","Women",1690,68.3132596132647
2002,"Scotland","Colorectal","Women",1601,64.3848605344358
2003,"Scotland","Colorectal","Women",1553,61.8845732380556
2004,"Scotland","Colorectal","Women",1616,63.9215505907666
2005,"Scotland","Colorectal","Women",1595,62.7807653568498
2006,"Scotland","Colorectal","Women",1632,63.6584268723609
2007,"Scotland","Colorectal","Women",1711,66.0553459006584
2008,"Scotland","Colorectal","Women",1777,67.9196771577461
2009,"Scotland","Colorectal","Women",1810,68.4766059400986
2010,"Scotland","Colorectal","Women",1823,68.4204612022791
2011,"Scotland","Colorectal","Women",1781,65.8994057846844
2012,"Scotland","Colorectal","Women",1789,65.4993160495791
2013,"Scotland","Colorectal","Women",1745,63.2642260134232
2014,"Scotland","Colorectal","Women",1694,60.0375188522401
2015,"Scotland","Colorectal","Women",1727,60.8297831552653
2016,"Scotland","Colorectal","Women",1790,62.7077733143617
2017,"Scotland","Colorectal","Women",1649,56.8774743603168
2018,"Scotland","Colorectal","Women",1956,66.9228738912829
2019,"Scotland","Colorectal","Women",1910,64.3883801634002
2020,"Scotland","Colorectal","Women",1529,50.720621457292
2021,"Scotland","Colorectal","Women",1936,63.7623280904875
2002,"Wales","Colorectal","Men",NA,91
2003,"Wales","Colorectal","Men",NA,97.7
2004,"Wales","Colorectal","Men",NA,96.3
2005,"Wales","Colorectal","Men",NA,97.5
2006,"Wales","Colorectal","Men",NA,97.7
2007,"Wales","Colorectal","Men",NA,100.1
2008,"Wales","Colorectal","Men",NA,102.1
2009,"Wales","Colorectal","Men",NA,105.6
2010,"Wales","Colorectal","Men",NA,109.1
2011,"Wales","Colorectal","Men",NA,98
2012,"Wales","Colorectal","Men",NA,104.3
2013,"Wales","Colorectal","Men",NA,99.2
2014,"Wales","Colorectal","Men",NA,98.6
2015,"Wales","Colorectal","Men",NA,91.9
2016,"Wales","Colorectal","Men",NA,93.8
2017,"Wales","Colorectal","Men",NA,90.3
2018,"Wales","Colorectal","Men",NA,88.5
2019,"Wales","Colorectal","Men",NA,92.3
2020,"Wales","Colorectal","Men",NA,79.5
2002,"Wales","Colorectal","Women",NA,56.4
2003,"Wales","Colorectal","Women",NA,55.1
2004,"Wales","Colorectal","Women",NA,57.7
2005,"Wales","Colorectal","Women",NA,55.4
2006,"Wales","Colorectal","Women",NA,60.3
2007,"Wales","Colorectal","Women",NA,62.7
2008,"Wales","Colorectal","Women",NA,61
2009,"Wales","Colorectal","Women",NA,62.2
2010,"Wales","Colorectal","Women",NA,57.4
2011,"Wales","Colorectal","Women",NA,65
2012,"Wales","Colorectal","Women",NA,63.9
2013,"Wales","Colorectal","Women",NA,57.9
2014,"Wales","Colorectal","Women",NA,61.7
2015,"Wales","Colorectal","Women",NA,58.5
2016,"Wales","Colorectal","Women",NA,56.7
2017,"Wales","Colorectal","Women",NA,57.4
2018,"Wales","Colorectal","Women",NA,55.1
2019,"Wales","Colorectal","Women",NA,62.6
2020,"Wales","Colorectal","Women",NA,49.2
1995,"England","Lung","Men",20788,126.6
1996,"England","Lung","Men",19921,120.6
1997,"England","Lung","Men",20181,120.7
1998,"England","Lung","Men",19517,116
1999,"England","Lung","Men",19301,113.4
2000,"England","Lung","Men",19299,112
2001,"England","Lung","Men",18953,108.6
2002,"England","Lung","Men",18266,102.8
2003,"England","Lung","Men",17952,100.1
2004,"England","Lung","Men",18474,101.7
2005,"England","Lung","Men",18284,99.4
2006,"England","Lung","Men",18952,101.4
2007,"England","Lung","Men",18797,98.9
2008,"England","Lung","Men",19247,99.7
2009,"England","Lung","Men",18990,96.1
2010,"England","Lung","Men",19369,96.2
2011,"England","Lung","Men",19745,96.3
2012,"England","Lung","Men",20330,97
2013,"England","Lung","Men",20390,95.3
2014,"England","Lung","Men",20485,93.3
2015,"England","Lung","Men",20425,91.4
2016,"England","Lung","Men",21044,92
2017,"England","Lung","Men",20677,88.4
2018,"England","Lung","Men",20708,86.6
2019,"England","Lung","Men",20897,85.5
2020,"England","Lung","Men",19161,77.2
1995,"England","Lung","Women",11486,50.8
1996,"England","Lung","Women",11303,50.1
1997,"England","Lung","Women",11611,51.2
1998,"England","Lung","Women",11738,51.6
1999,"England","Lung","Women",12001,52.5
2000,"England","Lung","Women",12234,53.3
2001,"England","Lung","Women",12330,53.2
2002,"England","Lung","Women",12184,52.3
2003,"England","Lung","Women",12666,53.8
2004,"England","Lung","Women",12692,53.9
2005,"England","Lung","Women",13271,55.9
2006,"England","Lung","Women",13889,58
2007,"England","Lung","Women",14223,58.7
2008,"England","Lung","Women",14995,61.2
2009,"England","Lung","Women",15156,61.1
2010,"England","Lung","Women",15530,61.9
2011,"England","Lung","Women",16212,63.9
2012,"England","Lung","Women",17061,66.2
2013,"England","Lung","Women",17397,66.5
2014,"England","Lung","Women",17707,66.5
2015,"England","Lung","Women",18043,67.1
2016,"England","Lung","Women",18318,67.3
2017,"England","Lung","Women",19006,68.5
2018,"England","Lung","Women",19078,67.8
2019,"England","Lung","Women",19419,67.7
2020,"England","Lung","Women",18076,62.2
1993,"Nothern Ireland","Lung","Men",565,121
1994,"Nothern Ireland","Lung","Men",625,132.4
1995,"Nothern Ireland","Lung","Men",543,114.8
1996,"Nothern Ireland","Lung","Men",551,114.7
1997,"Nothern Ireland","Lung","Men",556,115.6
1998,"Nothern Ireland","Lung","Men",560,113.8
1999,"Nothern Ireland","Lung","Men",512,105.6
2000,"Nothern Ireland","Lung","Men",521,103.1
2001,"Nothern Ireland","Lung","Men",565,110.1
2002,"Nothern Ireland","Lung","Men",509,98.7
2003,"Nothern Ireland","Lung","Men",536,102.3
2004,"Nothern Ireland","Lung","Men",589,112
2005,"Nothern Ireland","Lung","Men",559,102.2
2006,"Nothern Ireland","Lung","Men",575,103.1
2007,"Nothern Ireland","Lung","Men",604,104.2
2008,"Nothern Ireland","Lung","Men",656,115.3
2009,"Nothern Ireland","Lung","Men",617,104.2
2010,"Nothern Ireland","Lung","Men",640,105.8
2011,"Nothern Ireland","Lung","Men",663,106.4
2012,"Nothern Ireland","Lung","Men",658,104.9
2013,"Nothern Ireland","Lung","Men",689,105.4
2014,"Nothern Ireland","Lung","Men",669,99.8
2015,"Nothern Ireland","Lung","Men",684,100.3
2016,"Nothern Ireland","Lung","Men",670,96.2
2017,"Nothern Ireland","Lung","Men",726,102.6
2018,"Nothern Ireland","Lung","Men",704,96.6
2019,"Nothern Ireland","Lung","Men",692,92.5
2020,"Nothern Ireland","Lung","Men",721,93.6
2021,"Nothern Ireland","Lung","Men",681,85.7
1993,"Nothern Ireland","Lung","Women",320,49.5
1994,"Nothern Ireland","Lung","Women",309,47.2
1995,"Nothern Ireland","Lung","Women",331,50.7
1996,"Nothern Ireland","Lung","Women",308,47
1997,"Nothern Ireland","Lung","Women",322,48.3
1998,"Nothern Ireland","Lung","Women",330,49.2
1999,"Nothern Ireland","Lung","Women",355,52.6
2000,"Nothern Ireland","Lung","Women",339,50.4
2001,"Nothern Ireland","Lung","Women",320,46.6
2002,"Nothern Ireland","Lung","Women",368,53.4
2003,"Nothern Ireland","Lung","Women",364,52
2004,"Nothern Ireland","Lung","Women",373,52.6
2005,"Nothern Ireland","Lung","Women",392,54.2
2006,"Nothern Ireland","Lung","Women",369,51.2
2007,"Nothern Ireland","Lung","Women",424,57.7
2008,"Nothern Ireland","Lung","Women",407,54.5
2009,"Nothern Ireland","Lung","Women",464,61.3
2010,"Nothern Ireland","Lung","Women",421,54.6
2011,"Nothern Ireland","Lung","Women",468,59.6
2012,"Nothern Ireland","Lung","Women",536,67.7
2013,"Nothern Ireland","Lung","Women",556,68.9
2014,"Nothern Ireland","Lung","Women",591,72.6
2015,"Nothern Ireland","Lung","Women",596,71.1
2016,"Nothern Ireland","Lung","Women",716,83.7
2017,"Nothern Ireland","Lung","Women",645,74.7
2018,"Nothern Ireland","Lung","Women",621,70.6
2019,"Nothern Ireland","Lung","Women",703,78.6
2020,"Nothern Ireland","Lung","Women",632,69.7
2021,"Nothern Ireland","Lung","Women",643,69
1997,"Scotland","Lung","Men",2755,165.374784963469
1998,"Scotland","Lung","Men",2698,158.740619214568
1999,"Scotland","Lung","Men",2606,151.715418995115
2000,"Scotland","Lung","Men",2536,146.772502920236
2001,"Scotland","Lung","Men",2532,143.073898779435
2002,"Scotland","Lung","Men",2651,149.246316338881
2003,"Scotland","Lung","Men",2521,140.522101436357
2004,"Scotland","Lung","Men",2552,139.47749912621
2005,"Scotland","Lung","Men",2550,137.813005976094
2006,"Scotland","Lung","Men",2569,136.85776807434
2007,"Scotland","Lung","Men",2596,134.996960614576
2008,"Scotland","Lung","Men",2530,128.833267282896
2009,"Scotland","Lung","Men",2724,137.388518482448
2010,"Scotland","Lung","Men",2583,127.929432332767
2011,"Scotland","Lung","Men",2656,128.98612621419
2012,"Scotland","Lung","Men",2658,125.189158705261
2013,"Scotland","Lung","Men",2683,124.92667961713
2014,"Scotland","Lung","Men",2797,126.58267876244
2015,"Scotland","Lung","Men",2625,116.519176542618
2016,"Scotland","Lung","Men",2585,113.935789212105
2017,"Scotland","Lung","Men",2653,113.884712919638
2018,"Scotland","Lung","Men",2650,111.509465566038
2019,"Scotland","Lung","Men",2570,106.32644847711
2020,"Scotland","Lung","Men",2424,98.3956168000191
2021,"Scotland","Lung","Men",2699,108.413153943021
1997,"Scotland","Lung","Women",1952,81.4200335065067
1998,"Scotland","Lung","Women",1951,81.0086014330676
1999,"Scotland","Lung","Women",1920,79.2009365193509
2000,"Scotland","Lung","Women",2032,83.6748346369389
2001,"Scotland","Lung","Women",1854,75.9287052673756
2002,"Scotland","Lung","Women",2053,83.3589760959346
2003,"Scotland","Lung","Women",2040,82.2003760305971
2004,"Scotland","Lung","Women",2195,87.783852614209
2005,"Scotland","Lung","Women",2153,85.4672094629554
2006,"Scotland","Lung","Women",2260,89.2813094110491
2007,"Scotland","Lung","Women",2367,92.3259718693339
2008,"Scotland","Lung","Women",2428,93.5814756631253
2009,"Scotland","Lung","Women",2423,92.5206195256242
2010,"Scotland","Lung","Women",2469,93.6484580697456
2011,"Scotland","Lung","Women",2555,95.4369620862694
2012,"Scotland","Lung","Women",2638,97.211994367119
2013,"Scotland","Lung","Women",2679,97.9311258481111
2014,"Scotland","Lung","Women",2743,99.036239558394
2015,"Scotland","Lung","Women",2585,92.3230214856779
2016,"Scotland","Lung","Women",2670,93.8722023855589
2017,"Scotland","Lung","Women",2806,97.447895764599
2018,"Scotland","Lung","Women",2878,98.6957297318721
2019,"Scotland","Lung","Women",2752,92.9199389720412
2020,"Scotland","Lung","Women",2606,87.1811003313719
2021,"Scotland","Lung","Women",2777,91.4750640218262
2002,"Wales","Lung","Men",NA,109.8
2003,"Wales","Lung","Men",NA,112.7
2004,"Wales","Lung","Men",NA,112.9
2005,"Wales","Lung","Men",NA,104.6
2006,"Wales","Lung","Men",NA,111.2
2007,"Wales","Lung","Men",NA,108.3
2008,"Wales","Lung","Men",NA,110.4
2009,"Wales","Lung","Men",NA,104.2
2010,"Wales","Lung","Men",NA,102.8
2011,"Wales","Lung","Men",NA,105.4
2012,"Wales","Lung","Men",NA,93.4
2013,"Wales","Lung","Men",NA,101.5
2014,"Wales","Lung","Men",NA,94.9
2015,"Wales","Lung","Men",NA,92.9
2016,"Wales","Lung","Men",NA,90.9
2017,"Wales","Lung","Men",NA,85.3
2018,"Wales","Lung","Men",NA,90.4
2019,"Wales","Lung","Men",NA,86
2020,"Wales","Lung","Men",NA,73.3
2002,"Wales","Lung","Women",NA,57
2003,"Wales","Lung","Women",NA,55.3
2004,"Wales","Lung","Women",NA,63.5
2005,"Wales","Lung","Women",NA,61.5
2006,"Wales","Lung","Women",NA,65.3
2007,"Wales","Lung","Women",NA,60.9
2008,"Wales","Lung","Women",NA,68.9
2009,"Wales","Lung","Women",NA,61.5
2010,"Wales","Lung","Women",NA,66
2011,"Wales","Lung","Women",NA,66.7
2012,"Wales","Lung","Women",NA,71.8
2013,"Wales","Lung","Women",NA,66.9
2014,"Wales","Lung","Women",NA,68.3
2015,"Wales","Lung","Women",NA,70.8
2016,"Wales","Lung","Women",NA,73
2017,"Wales","Lung","Women",NA,67.7
2018,"Wales","Lung","Women",NA,68.4
2019,"Wales","Lung","Women",NA,68.2
2020,"Wales","Lung","Women",NA,64.7
1995,"England","Oesophageal","Men",3219,19.4
1996,"England","Oesophageal","Men",3247,19.6
1997,"England","Oesophageal","Men",3462,20.6
1998,"England","Oesophageal","Men",3416,20.1
1999,"England","Oesophageal","Men",3491,20.3
2000,"England","Oesophageal","Men",3690,21.2
2001,"England","Oesophageal","Men",3828,21.5
2002,"England","Oesophageal","Men",3905,21.7
2003,"England","Oesophageal","Men",3974,21.8
2004,"England","Oesophageal","Men",4019,21.8
2005,"England","Oesophageal","Men",4122,21.9
2006,"England","Oesophageal","Men",4180,22
2007,"England","Oesophageal","Men",4335,22.2
2008,"England","Oesophageal","Men",4596,23.2
2009,"England","Oesophageal","Men",4533,22.4
2010,"England","Oesophageal","Men",4701,22.8
2011,"England","Oesophageal","Men",4711,22.5
2012,"England","Oesophageal","Men",5001,23.3
2013,"England","Oesophageal","Men",4939,22.5
2014,"England","Oesophageal","Men",4960,22
2015,"England","Oesophageal","Men",5256,23
2016,"England","Oesophageal","Men",5285,22.8
2017,"England","Oesophageal","Men",5323,22.4
2018,"England","Oesophageal","Men",5486,22.6
2019,"England","Oesophageal","Men",5449,22
2020,"England","Oesophageal","Men",5043,20.1
1995,"England","Oesophageal","Women",2180,9.3
1996,"England","Oesophageal","Women",2107,9
1997,"England","Oesophageal","Women",2200,9.4
1998,"England","Oesophageal","Women",2264,9.6
1999,"England","Oesophageal","Women",2332,9.8
2000,"England","Oesophageal","Women",2328,9.7
2001,"England","Oesophageal","Women",2308,9.6
2002,"England","Oesophageal","Women",2248,9.3
2003,"England","Oesophageal","Women",2289,9.4
2004,"England","Oesophageal","Women",2196,9.1
2005,"England","Oesophageal","Women",2287,9.3
2006,"England","Oesophageal","Women",2299,9.3
2007,"England","Oesophageal","Women",2274,9.1
2008,"England","Oesophageal","Women",2258,9
2009,"England","Oesophageal","Women",2231,8.8
2010,"England","Oesophageal","Women",2326,9
2011,"England","Oesophageal","Women",2256,8.7
2012,"England","Oesophageal","Women",2420,9.1
2013,"England","Oesophageal","Women",2415,9.1
2014,"England","Oesophageal","Women",2400,8.8
2015,"England","Oesophageal","Women",2419,8.8
2016,"England","Oesophageal","Women",2336,8.4
2017,"England","Oesophageal","Women",2299,8.1
2018,"England","Oesophageal","Women",2374,8.3
2019,"England","Oesophageal","Women",2385,8.1
2020,"England","Oesophageal","Women",2173,7.3
1993,"Nothern Ireland","Oesophageal","Men",88,19
1994,"Nothern Ireland","Oesophageal","Men",99,20.9
1995,"Nothern Ireland","Oesophageal","Men",96,18.5
1996,"Nothern Ireland","Oesophageal","Men",78,16.5
1997,"Nothern Ireland","Oesophageal","Men",97,20.2
1998,"Nothern Ireland","Oesophageal","Men",100,20.8
1999,"Nothern Ireland","Oesophageal","Men",92,18.2
2000,"Nothern Ireland","Oesophageal","Men",70,13.9
2001,"Nothern Ireland","Oesophageal","Men",101,19.8
2002,"Nothern Ireland","Oesophageal","Men",84,16.9
2003,"Nothern Ireland","Oesophageal","Men",94,18.4
2004,"Nothern Ireland","Oesophageal","Men",105,18.9
2005,"Nothern Ireland","Oesophageal","Men",113,19.6
2006,"Nothern Ireland","Oesophageal","Men",122,21
2007,"Nothern Ireland","Oesophageal","Men",126,21.7
2008,"Nothern Ireland","Oesophageal","Men",125,19.8
2009,"Nothern Ireland","Oesophageal","Men",113,17.8
2010,"Nothern Ireland","Oesophageal","Men",118,18.7
2011,"Nothern Ireland","Oesophageal","Men",124,20
2012,"Nothern Ireland","Oesophageal","Men",137,21.7
2013,"Nothern Ireland","Oesophageal","Men",138,19.8
2014,"Nothern Ireland","Oesophageal","Men",154,21.8
2015,"Nothern Ireland","Oesophageal","Men",130,18.1
2016,"Nothern Ireland","Oesophageal","Men",157,21.3
2017,"Nothern Ireland","Oesophageal","Men",176,23.2
2018,"Nothern Ireland","Oesophageal","Men",160,20.8
2019,"Nothern Ireland","Oesophageal","Men",145,18.8
2020,"Nothern Ireland","Oesophageal","Men",138,18
2021,"Nothern Ireland","Oesophageal","Men",180,21.9
1993,"Nothern Ireland","Oesophageal","Women",56,8.6
1994,"Nothern Ireland","Oesophageal","Women",53,8.1
1995,"Nothern Ireland","Oesophageal","Women",56,8.4
1996,"Nothern Ireland","Oesophageal","Women",61,9.1
1997,"Nothern Ireland","Oesophageal","Women",74,11
1998,"Nothern Ireland","Oesophageal","Women",52,7.6
1999,"Nothern Ireland","Oesophageal","Women",61,9.1
2000,"Nothern Ireland","Oesophageal","Women",70,10.3
2001,"Nothern Ireland","Oesophageal","Women",62,9
2002,"Nothern Ireland","Oesophageal","Women",57,8
2003,"Nothern Ireland","Oesophageal","Women",51,7.2
2004,"Nothern Ireland","Oesophageal","Women",53,7.4
2005,"Nothern Ireland","Oesophageal","Women",49,6.8
2006,"Nothern Ireland","Oesophageal","Women",57,7.7
2007,"Nothern Ireland","Oesophageal","Women",72,9.5
2008,"Nothern Ireland","Oesophageal","Women",62,8.1
2009,"Nothern Ireland","Oesophageal","Women",60,7.7
2010,"Nothern Ireland","Oesophageal","Women",66,8.5
2011,"Nothern Ireland","Oesophageal","Women",61,7.7
2012,"Nothern Ireland","Oesophageal","Women",74,9.2
2013,"Nothern Ireland","Oesophageal","Women",66,8
2014,"Nothern Ireland","Oesophageal","Women",69,8.3
2015,"Nothern Ireland","Oesophageal","Women",76,8.8
2016,"Nothern Ireland","Oesophageal","Women",70,8
2017,"Nothern Ireland","Oesophageal","Women",51,5.7
2018,"Nothern Ireland","Oesophageal","Women",61,6.8
2019,"Nothern Ireland","Oesophageal","Women",58,6.4
2020,"Nothern Ireland","Oesophageal","Women",51,5.6
2021,"Nothern Ireland","Oesophageal","Women",74,7.8
1997,"Scotland","Oesophageal","Men",434,25.001926423334
1998,"Scotland","Oesophageal","Men",474,27.1794935072812
1999,"Scotland","Oesophageal","Men",456,26.2704922838975
2000,"Scotland","Oesophageal","Men",453,24.8148947056447
2001,"Scotland","Oesophageal","Men",484,26.8456230191013
2002,"Scotland","Oesophageal","Men",518,28.1971114620352
2003,"Scotland","Oesophageal","Men",511,28.3208961059138
2004,"Scotland","Oesophageal","Men",532,29.2222739287572
2005,"Scotland","Oesophageal","Men",517,26.8685572146307
2006,"Scotland","Oesophageal","Men",528,27.3482946518771
2007,"Scotland","Oesophageal","Men",537,26.8316991640173
2008,"Scotland","Oesophageal","Men",547,27.0408475196566
2009,"Scotland","Oesophageal","Men",547,26.3604004582325
2010,"Scotland","Oesophageal","Men",555,26.4591965232407
2011,"Scotland","Oesophageal","Men",547,25.296146955539
2012,"Scotland","Oesophageal","Men",584,27.0209975695306
2013,"Scotland","Oesophageal","Men",572,25.8048542206649
2014,"Scotland","Oesophageal","Men",628,27.8921159443546
2015,"Scotland","Oesophageal","Men",599,26.2630712258141
2016,"Scotland","Oesophageal","Men",578,24.9414847971693
2017,"Scotland","Oesophageal","Men",653,27.6007156766848
2018,"Scotland","Oesophageal","Men",586,24.0963716299474
2019,"Scotland","Oesophageal","Men",557,22.5452675831656
2020,"Scotland","Oesophageal","Men",571,23.0842039557442
2021,"Scotland","Oesophageal","Men",701,27.6412725514943
1997,"Scotland","Oesophageal","Women",318,13.0967844758083
1998,"Scotland","Oesophageal","Women",286,11.6952198890522
1999,"Scotland","Oesophageal","Women",329,13.4768784177864
2000,"Scotland","Oesophageal","Women",292,11.8508605532772
2001,"Scotland","Oesophageal","Women",297,11.9091094340045
2002,"Scotland","Oesophageal","Women",313,12.4872702278745
2003,"Scotland","Oesophageal","Women",300,11.9492602298603
2004,"Scotland","Oesophageal","Women",336,13.1767202229559
2005,"Scotland","Oesophageal","Women",308,12.1796612995796
2006,"Scotland","Oesophageal","Women",311,12.0904018129578
2007,"Scotland","Oesophageal","Women",298,11.4653437345708
2008,"Scotland","Oesophageal","Women",278,10.7260236793531
2009,"Scotland","Oesophageal","Women",300,11.4138768004349
2010,"Scotland","Oesophageal","Women",336,12.5669222803241
2011,"Scotland","Oesophageal","Women",296,11.0340771744555
2012,"Scotland","Oesophageal","Women",311,11.3854248772783
2013,"Scotland","Oesophageal","Women",349,12.5367477210898
2014,"Scotland","Oesophageal","Women",310,11.0133429999155
2015,"Scotland","Oesophageal","Women",332,11.6610187015972
2016,"Scotland","Oesophageal","Women",287,9.9976121576374
2017,"Scotland","Oesophageal","Women",321,10.9932797060488
2018,"Scotland","Oesophageal","Women",297,10.0011371731253
2019,"Scotland","Oesophageal","Women",275,9.19223887634859
2020,"Scotland","Oesophageal","Women",269,8.89236967467137
2021,"Scotland","Oesophageal","Women",296,9.64152594887888
2002,"Wales","Oesophageal","Men",NA,22.5
2003,"Wales","Oesophageal","Men",NA,23.4
2004,"Wales","Oesophageal","Men",NA,22
2005,"Wales","Oesophageal","Men",NA,21.1
2006,"Wales","Oesophageal","Men",NA,24
2007,"Wales","Oesophageal","Men",NA,24.6
2008,"Wales","Oesophageal","Men",NA,24.1
2009,"Wales","Oesophageal","Men",NA,23.4
2010,"Wales","Oesophageal","Men",NA,23.6
2011,"Wales","Oesophageal","Men",NA,19.4
2012,"Wales","Oesophageal","Men",NA,20.5
2013,"Wales","Oesophageal","Men",NA,19.4
2014,"Wales","Oesophageal","Men",NA,22
2015,"Wales","Oesophageal","Men",NA,22.2
2016,"Wales","Oesophageal","Men",NA,19.1
2017,"Wales","Oesophageal","Men",NA,20.4
2018,"Wales","Oesophageal","Men",NA,22.9
2019,"Wales","Oesophageal","Men",NA,20.2
2020,"Wales","Oesophageal","Men",NA,19.4
2002,"Wales","Oesophageal","Women",NA,12
2003,"Wales","Oesophageal","Women",NA,10.2
2004,"Wales","Oesophageal","Women",NA,9.9
2005,"Wales","Oesophageal","Women",NA,10
2006,"Wales","Oesophageal","Women",NA,10.4
2007,"Wales","Oesophageal","Women",NA,10.1
2008,"Wales","Oesophageal","Women",NA,10.2
2009,"Wales","Oesophageal","Women",NA,10.2
2010,"Wales","Oesophageal","Women",NA,9.1
2011,"Wales","Oesophageal","Women",NA,10.3
2012,"Wales","Oesophageal","Women",NA,8.2
2013,"Wales","Oesophageal","Women",NA,8.6
2014,"Wales","Oesophageal","Women",NA,8.8
2015,"Wales","Oesophageal","Women",NA,9.5
2016,"Wales","Oesophageal","Women",NA,8.5
2017,"Wales","Oesophageal","Women",NA,8.6
2018,"Wales","Oesophageal","Women",NA,8.7
2019,"Wales","Oesophageal","Women",NA,7.6
2020,"Wales","Oesophageal","Women",NA,7.5
1995,"England","Pancreatic","Men",2647,16.2
1996,"England","Pancreatic","Men",2675,16.4
1997,"England","Pancreatic","Men",2824,17
1998,"England","Pancreatic","Men",2751,16.5
1999,"England","Pancreatic","Men",2836,16.6
2000,"England","Pancreatic","Men",2930,17.1
2001,"England","Pancreatic","Men",2882,16.7
2002,"England","Pancreatic","Men",2962,16.8
2003,"England","Pancreatic","Men",2935,16.3
2004,"England","Pancreatic","Men",3109,17.2
2005,"England","Pancreatic","Men",3136,16.9
2006,"England","Pancreatic","Men",3276,17.5
2007,"England","Pancreatic","Men",3247,17
2008,"England","Pancreatic","Men",3533,18.1
2009,"England","Pancreatic","Men",3559,17.9
2010,"England","Pancreatic","Men",3633,17.8
2011,"England","Pancreatic","Men",3713,18
2012,"England","Pancreatic","Men",3949,18.7
2013,"England","Pancreatic","Men",4175,19.3
2014,"England","Pancreatic","Men",4170,18.8
2015,"England","Pancreatic","Men",4292,19
2016,"England","Pancreatic","Men",4523,19.7
2017,"England","Pancreatic","Men",4662,19.8
2018,"England","Pancreatic","Men",4673,19.5
2019,"England","Pancreatic","Men",4777,19.5
2020,"England","Pancreatic","Men",4853,19.5
1995,"England","Pancreatic","Women",2875,12.3
1996,"England","Pancreatic","Women",2903,12.5
1997,"England","Pancreatic","Women",2933,12.5
1998,"England","Pancreatic","Women",2815,12
1999,"England","Pancreatic","Women",3103,13.2
2000,"England","Pancreatic","Women",3081,13
2001,"England","Pancreatic","Women",3083,12.9
2002,"England","Pancreatic","Women",3055,12.7
2003,"England","Pancreatic","Women",3126,13
2004,"England","Pancreatic","Women",3267,13.5
2005,"England","Pancreatic","Women",3342,13.8
2006,"England","Pancreatic","Women",3471,14.2
2007,"England","Pancreatic","Women",3449,14
2008,"England","Pancreatic","Women",3598,14.4
2009,"England","Pancreatic","Women",3692,14.6
2010,"England","Pancreatic","Women",3694,14.4
2011,"England","Pancreatic","Women",3832,14.8
2012,"England","Pancreatic","Women",3949,15
2013,"England","Pancreatic","Women",4152,15.5
2014,"England","Pancreatic","Women",4128,15.2
2015,"England","Pancreatic","Women",4279,15.6
2016,"England","Pancreatic","Women",4233,15.2
2017,"England","Pancreatic","Women",4371,15.5
2018,"England","Pancreatic","Women",4331,15.1
2019,"England","Pancreatic","Women",4561,15.6
2020,"England","Pancreatic","Women",4515,15.3
1993,"Nothern Ireland","Pancreatic","Men",90,19.3
1994,"Nothern Ireland","Pancreatic","Men",62,13.2
1995,"Nothern Ireland","Pancreatic","Men",57,12.5
1996,"Nothern Ireland","Pancreatic","Men",91,20.3
1997,"Nothern Ireland","Pancreatic","Men",81,17.8
1998,"Nothern Ireland","Pancreatic","Men",72,14.1
1999,"Nothern Ireland","Pancreatic","Men",64,14.5
2000,"Nothern Ireland","Pancreatic","Men",63,13.3
2001,"Nothern Ireland","Pancreatic","Men",96,19.3
2002,"Nothern Ireland","Pancreatic","Men",83,16.5
2003,"Nothern Ireland","Pancreatic","Men",59,11
2004,"Nothern Ireland","Pancreatic","Men",76,13.3
2005,"Nothern Ireland","Pancreatic","Men",100,18.7
2006,"Nothern Ireland","Pancreatic","Men",104,17.6
2007,"Nothern Ireland","Pancreatic","Men",107,19.2
2008,"Nothern Ireland","Pancreatic","Men",111,19.4
2009,"Nothern Ireland","Pancreatic","Men",112,20.4
2010,"Nothern Ireland","Pancreatic","Men",89,14.8
2011,"Nothern Ireland","Pancreatic","Men",96,15.4
2012,"Nothern Ireland","Pancreatic","Men",125,19.2
2013,"Nothern Ireland","Pancreatic","Men",111,16.9
2014,"Nothern Ireland","Pancreatic","Men",116,17.5
2015,"Nothern Ireland","Pancreatic","Men",151,22.3
2016,"Nothern Ireland","Pancreatic","Men",139,20
2017,"Nothern Ireland","Pancreatic","Men",146,20.4
2018,"Nothern Ireland","Pancreatic","Men",152,21.2
2019,"Nothern Ireland","Pancreatic","Men",134,17.8
2020,"Nothern Ireland","Pancreatic","Men",172,22.5
2021,"Nothern Ireland","Pancreatic","Men",150,18.7
1993,"Nothern Ireland","Pancreatic","Women",84,12.9
1994,"Nothern Ireland","Pancreatic","Women",77,11.8
1995,"Nothern Ireland","Pancreatic","Women",64,9.7
1996,"Nothern Ireland","Pancreatic","Women",72,10.8
1997,"Nothern Ireland","Pancreatic","Women",81,11.9
1998,"Nothern Ireland","Pancreatic","Women",64,9.4
1999,"Nothern Ireland","Pancreatic","Women",58,8.5
2000,"Nothern Ireland","Pancreatic","Women",80,11.7
2001,"Nothern Ireland","Pancreatic","Women",75,10.8
2002,"Nothern Ireland","Pancreatic","Women",87,12.7
2003,"Nothern Ireland","Pancreatic","Women",99,13.8
2004,"Nothern Ireland","Pancreatic","Women",83,11.4
2005,"Nothern Ireland","Pancreatic","Women",81,11.2
2006,"Nothern Ireland","Pancreatic","Women",101,13.6
2007,"Nothern Ireland","Pancreatic","Women",84,11.4
2008,"Nothern Ireland","Pancreatic","Women",112,14.9
2009,"Nothern Ireland","Pancreatic","Women",100,13.1
2010,"Nothern Ireland","Pancreatic","Women",105,13.4
2011,"Nothern Ireland","Pancreatic","Women",118,14.8
2012,"Nothern Ireland","Pancreatic","Women",130,15.9
2013,"Nothern Ireland","Pancreatic","Women",129,16
2014,"Nothern Ireland","Pancreatic","Women",128,15.6
2015,"Nothern Ireland","Pancreatic","Women",131,15.5
2016,"Nothern Ireland","Pancreatic","Women",113,13.3
2017,"Nothern Ireland","Pancreatic","Women",122,13.9
2018,"Nothern Ireland","Pancreatic","Women",116,13
2019,"Nothern Ireland","Pancreatic","Women",132,14.7
2020,"Nothern Ireland","Pancreatic","Women",141,15.2
2021,"Nothern Ireland","Pancreatic","Women",132,14.1
1997,"Scotland","Pancreatic","Men",303,18.5293140078063
1998,"Scotland","Pancreatic","Men",286,16.4476260195546
1999,"Scotland","Pancreatic","Men",265,15.4207933910505
2000,"Scotland","Pancreatic","Men",318,18.8190491806032
2001,"Scotland","Pancreatic","Men",267,15.0470503530667
2002,"Scotland","Pancreatic","Men",284,16.069193249565
2003,"Scotland","Pancreatic","Men",308,16.7418155549942
2004,"Scotland","Pancreatic","Men",291,15.7151031566863
2005,"Scotland","Pancreatic","Men",290,15.5640591615735
2006,"Scotland","Pancreatic","Men",300,16.0534410504791
2007,"Scotland","Pancreatic","Men",322,16.4801217279969
2008,"Scotland","Pancreatic","Men",354,18.1868495141267
2009,"Scotland","Pancreatic","Men",370,18.6374857278266
2010,"Scotland","Pancreatic","Men",354,17.5694223842243
2011,"Scotland","Pancreatic","Men",383,18.3766507722662
2012,"Scotland","Pancreatic","Men",386,17.9716253136936
2013,"Scotland","Pancreatic","Men",399,18.6664097796914
2014,"Scotland","Pancreatic","Men",384,17.5552841284319
2015,"Scotland","Pancreatic","Men",408,18.1548144111018
2016,"Scotland","Pancreatic","Men",414,17.9938054268577
2017,"Scotland","Pancreatic","Men",411,17.5725072826721
2018,"Scotland","Pancreatic","Men",424,17.9902083658818
2019,"Scotland","Pancreatic","Men",469,19.2241533861911
2020,"Scotland","Pancreatic","Men",478,19.3448032582919
2021,"Scotland","Pancreatic","Men",441,17.5549627089226
1997,"Scotland","Pancreatic","Women",334,13.6799958633013
1998,"Scotland","Pancreatic","Women",341,14.0863837910444
1999,"Scotland","Pancreatic","Women",338,13.7930650367619
2000,"Scotland","Pancreatic","Women",325,13.2197806573946
2001,"Scotland","Pancreatic","Women",321,12.9079922844234
2002,"Scotland","Pancreatic","Women",299,12.0646006606115
2003,"Scotland","Pancreatic","Women",367,14.723227491154
2004,"Scotland","Pancreatic","Women",309,12.3483213796881
2005,"Scotland","Pancreatic","Women",345,13.7385317916812
2006,"Scotland","Pancreatic","Women",319,12.5639208420172
2007,"Scotland","Pancreatic","Women",353,13.5806726510953
2008,"Scotland","Pancreatic","Women",347,13.1715748250658
2009,"Scotland","Pancreatic","Women",384,14.4753607625002
2010,"Scotland","Pancreatic","Women",367,13.721015039119
2011,"Scotland","Pancreatic","Women",404,15.0460765413571
2012,"Scotland","Pancreatic","Women",396,14.5518873978789
2013,"Scotland","Pancreatic","Women",403,14.5408646876425
2014,"Scotland","Pancreatic","Women",428,15.3036391199987
2015,"Scotland","Pancreatic","Women",428,15.0185692788184
2016,"Scotland","Pancreatic","Women",416,14.6828396175617
2017,"Scotland","Pancreatic","Women",412,14.1677323690784
2018,"Scotland","Pancreatic","Women",407,13.7359383071589
2019,"Scotland","Pancreatic","Women",445,14.9922445736359
2020,"Scotland","Pancreatic","Women",447,14.8077870648035
2021,"Scotland","Pancreatic","Women",446,14.6003569561251
2002,"Wales","Pancreatic","Men",NA,17.9
2003,"Wales","Pancreatic","Men",NA,18.3
2004,"Wales","Pancreatic","Men",NA,18.2
2005,"Wales","Pancreatic","Men",NA,18.2
2006,"Wales","Pancreatic","Men",NA,17.5
2007,"Wales","Pancreatic","Men",NA,17.6
2008,"Wales","Pancreatic","Men",NA,15.9
2009,"Wales","Pancreatic","Men",NA,18.7
2010,"Wales","Pancreatic","Men",NA,19.8
2011,"Wales","Pancreatic","Men",NA,19.8
2012,"Wales","Pancreatic","Men",NA,18.2
2013,"Wales","Pancreatic","Men",NA,19.1
2014,"Wales","Pancreatic","Men",NA,19.8
2015,"Wales","Pancreatic","Men",NA,17.2
2016,"Wales","Pancreatic","Men",NA,17.7
2017,"Wales","Pancreatic","Men",NA,16.4
2018,"Wales","Pancreatic","Men",NA,19.1
2019,"Wales","Pancreatic","Men",NA,18.7
2020,"Wales","Pancreatic","Men",NA,18.1
2002,"Wales","Pancreatic","Women",NA,14.2
2003,"Wales","Pancreatic","Women",NA,15.3
2004,"Wales","Pancreatic","Women",NA,14.4
2005,"Wales","Pancreatic","Women",NA,14.1
2006,"Wales","Pancreatic","Women",NA,14.6
2007,"Wales","Pancreatic","Women",NA,15
2008,"Wales","Pancreatic","Women",NA,15.1
2009,"Wales","Pancreatic","Women",NA,14.9
2010,"Wales","Pancreatic","Women",NA,16.3
2011,"Wales","Pancreatic","Women",NA,16.2
2012,"Wales","Pancreatic","Women",NA,14.8
2013,"Wales","Pancreatic","Women",NA,15.4
2014,"Wales","Pancreatic","Women",NA,13.9
2015,"Wales","Pancreatic","Women",NA,16.6
2016,"Wales","Pancreatic","Women",NA,14.4
2017,"Wales","Pancreatic","Women",NA,14.6
2018,"Wales","Pancreatic","Women",NA,15.3
2019,"Wales","Pancreatic","Women",NA,15.8
2020,"Wales","Pancreatic","Women",NA,13.7
1995,"England","Prostate","Men",19411,128.3
1996,"England","Prostate","Men",19860,128.8
1997,"England","Prostate","Men",19914,127.5
1998,"England","Prostate","Men",20455,128.5
1999,"England","Prostate","Men",22418,138.3
2000,"England","Prostate","Men",24783,149.2
2001,"England","Prostate","Men",28213,166
2002,"England","Prostate","Men",28526,164.9
2003,"England","Prostate","Men",28835,164.1
2004,"England","Prostate","Men",31318,173.8
2005,"England","Prostate","Men",30522,166.3
2006,"England","Prostate","Men",32207,173.2
2007,"England","Prostate","Men",32463,170.7
2008,"England","Prostate","Men",33124,170.5
2009,"England","Prostate","Men",36461,183.2
2010,"England","Prostate","Men",36674,180.6
2011,"England","Prostate","Men",37066,178.6
2012,"England","Prostate","Men",38759,182.9
2013,"England","Prostate","Men",42377,195.9
2014,"England","Prostate","Men",41101,184.5
2015,"England","Prostate","Men",41779,183.4
2016,"England","Prostate","Men",41787,179.7
2017,"England","Prostate","Men",42139,177.4
2018,"England","Prostate","Men",50409,207.3
2019,"England","Prostate","Men",47928,193.6
2020,"England","Prostate","Men",36016,143.8
1993,"Nothern Ireland","Prostate","Men",469,117.3
1994,"Nothern Ireland","Prostate","Men",484,117.3
1995,"Nothern Ireland","Prostate","Men",507,128.9
1996,"Nothern Ireland","Prostate","Men",461,107.5
1997,"Nothern Ireland","Prostate","Men",491,120.1
1998,"Nothern Ireland","Prostate","Men",501,116.9
1999,"Nothern Ireland","Prostate","Men",501,110.6
2000,"Nothern Ireland","Prostate","Men",594,127.1
2001,"Nothern Ireland","Prostate","Men",583,125.5
2002,"Nothern Ireland","Prostate","Men",682,140.6
2003,"Nothern Ireland","Prostate","Men",789,158.2
2004,"Nothern Ireland","Prostate","Men",841,162.1
2005,"Nothern Ireland","Prostate","Men",839,159.5
2006,"Nothern Ireland","Prostate","Men",884,160
2007,"Nothern Ireland","Prostate","Men",977,170.7
2008,"Nothern Ireland","Prostate","Men",1033,178.7
2009,"Nothern Ireland","Prostate","Men",1125,188.2
2010,"Nothern Ireland","Prostate","Men",973,162.5
2011,"Nothern Ireland","Prostate","Men",1083,173.9
2012,"Nothern Ireland","Prostate","Men",1108,171.9
2013,"Nothern Ireland","Prostate","Men",1041,158
2014,"Nothern Ireland","Prostate","Men",1161,171.3
2015,"Nothern Ireland","Prostate","Men",1151,166.2
2016,"Nothern Ireland","Prostate","Men",1206,172.1
2017,"Nothern Ireland","Prostate","Men",1174,160.1
2018,"Nothern Ireland","Prostate","Men",1309,176.6
2019,"Nothern Ireland","Prostate","Men",1396,182.3
2020,"Nothern Ireland","Prostate","Men",1259,162.5
2021,"Nothern Ireland","Prostate","Men",1414,175.5
1997,"Scotland","Prostate","Men",1983,130.995836917393
1998,"Scotland","Prostate","Men",2002,127.103241997322
1999,"Scotland","Prostate","Men",2055,128.996187219479
2000,"Scotland","Prostate","Men",2129,131.484491368045
2001,"Scotland","Prostate","Men",2268,136.591624229035
2002,"Scotland","Prostate","Men",2522,146.730859804288
2003,"Scotland","Prostate","Men",2582,148.606510779714
2004,"Scotland","Prostate","Men",2768,155.476107598219
2005,"Scotland","Prostate","Men",2616,141.861825113839
2006,"Scotland","Prostate","Men",2786,150.210322216065
2007,"Scotland","Prostate","Men",2785,146.527507044342
2008,"Scotland","Prostate","Men",2989,153.326726906322
2009,"Scotland","Prostate","Men",3110,154.971872843279
2010,"Scotland","Prostate","Men",2995,145.831158568144
2011,"Scotland","Prostate","Men",3275,156.451427409623
2012,"Scotland","Prostate","Men",3176,148.510578203232
2013,"Scotland","Prostate","Men",3495,158.038017422672
2014,"Scotland","Prostate","Men",3500,155.660202226546
2015,"Scotland","Prostate","Men",3424,149.699952312723
2016,"Scotland","Prostate","Men",3549,152.277549510937
2017,"Scotland","Prostate","Men",3693,155.210378002596
2018,"Scotland","Prostate","Men",4374,179.865224619819
2019,"Scotland","Prostate","Men",3883,156.256809406185
2020,"Scotland","Prostate","Men",3449,136.964197017291
2021,"Scotland","Prostate","Men",4265,166.208465871095
2002,"Wales","Prostate","Men",NA,176.7
2003,"Wales","Prostate","Men",NA,187.4
2004,"Wales","Prostate","Men",NA,203.6
2005,"Wales","Prostate","Men",NA,193.9
2006,"Wales","Prostate","Men",NA,191.5
2007,"Wales","Prostate","Men",NA,207.2
2008,"Wales","Prostate","Men",NA,201.7
2009,"Wales","Prostate","Men",NA,192
2010,"Wales","Prostate","Men",NA,194.3
2011,"Wales","Prostate","Men",NA,178.5
2012,"Wales","Prostate","Men",NA,180.5
2013,"Wales","Prostate","Men",NA,192.6
2014,"Wales","Prostate","Men",NA,183.8
2015,"Wales","Prostate","Men",NA,182.1
2016,"Wales","Prostate","Men",NA,193.7
2017,"Wales","Prostate","Men",NA,185.5
2018,"Wales","Prostate","Men",NA,211.2
2019,"Wales","Prostate","Men",NA,193.2
2020,"Wales","Prostate","Men",NA,142.7
