"","variable","age_group","year","value","country","group","section","section - variable"
"1","% Meets Guidelines","16+",2012,61.3628941898984,"England","All","Activity","Activity - % Meets Guidelines"
"2","% Meets Guidelines","16+",2016,62.7145927957534,"England","All","Activity","Activity - % Meets Guidelines"
"3","% Meets Guidelines","16+",2021,64.3186037477425,"England","All","Activity","Activity - % Meets Guidelines"
"4","% Meets Guidelines","16+",2012,66.7222664500984,"England","Men","Activity","Activity - % Meets Guidelines"
"5","% Meets Guidelines","16+",2016,66.7671906957711,"England","Men","Activity","Activity - % Meets Guidelines"
"6","% Meets Guidelines","16+",2021,69.7353131731767,"England","Men","Activity","Activity - % Meets Guidelines"
"7","% Meets Guidelines","16+",2012,56.2403907202836,"England","Women","Activity","Activity - % Meets Guidelines"
"8","% Meets Guidelines","16+",2016,58.8122197005402,"England","Women","Activity","Activity - % Meets Guidelines"
"9","% Meets Guidelines","16+",2021,59.0985978908525,"England","Women","Activity","Activity - % Meets Guidelines"
"10","% Meets Guidelines","19+",2012,53.7113240619001,"N. Ireland","All","Activity","Activity - % Meets Guidelines"
"11","% Meets Guidelines","19+",2013,54.4354691888152,"N. Ireland","All","Activity","Activity - % Meets Guidelines"
"12","% Meets Guidelines","19+",2016,57.2723313903731,"N. Ireland","All","Activity","Activity - % Meets Guidelines"
"13","% Meets Guidelines","19+",2012,58.17538020147,"N. Ireland","Men","Activity","Activity - % Meets Guidelines"
"14","% Meets Guidelines","19+",2013,60.6996828921806,"N. Ireland","Men","Activity","Activity - % Meets Guidelines"
"15","% Meets Guidelines","19+",2016,62.5251134837865,"N. Ireland","Men","Activity","Activity - % Meets Guidelines"
"16","% Meets Guidelines","19+",2012,49.581844437751,"N. Ireland","Women","Activity","Activity - % Meets Guidelines"
"17","% Meets Guidelines","19+",2013,48.503671478414,"N. Ireland","Women","Activity","Activity - % Meets Guidelines"
"18","% Meets Guidelines","19+",2016,52.3473781198825,"N. Ireland","Women","Activity","Activity - % Meets Guidelines"
"19","% Meets Guidelines","16+",2012,62,"Scotland","All","Activity","Activity - % Meets Guidelines"
"20","% Meets Guidelines","16+",2013,64,"Scotland","All","Activity","Activity - % Meets Guidelines"
"21","% Meets Guidelines","16+",2014,63,"Scotland","All","Activity","Activity - % Meets Guidelines"
"22","% Meets Guidelines","16+",2015,63,"Scotland","All","Activity","Activity - % Meets Guidelines"
"23","% Meets Guidelines","16+",2016,64,"Scotland","All","Activity","Activity - % Meets Guidelines"
"24","% Meets Guidelines","16+",2017,65,"Scotland","All","Activity","Activity - % Meets Guidelines"
"25","% Meets Guidelines","16+",2018,66,"Scotland","All","Activity","Activity - % Meets Guidelines"
"26","% Meets Guidelines","16+",2019,66,"Scotland","All","Activity","Activity - % Meets Guidelines"
"27","% Meets Guidelines","16+",2021,69,"Scotland","All","Activity","Activity - % Meets Guidelines"
"28","% Meets Guidelines","16+",2022,65,"Scotland","All","Activity","Activity - % Meets Guidelines"
"29","% Meets Guidelines","16+",2012,67,"Scotland","Men","Activity","Activity - % Meets Guidelines"
"30","% Meets Guidelines","16+",2013,71,"Scotland","Men","Activity","Activity - % Meets Guidelines"
"31","% Meets Guidelines","16+",2014,68,"Scotland","Men","Activity","Activity - % Meets Guidelines"
"32","% Meets Guidelines","16+",2015,67,"Scotland","Men","Activity","Activity - % Meets Guidelines"
"33","% Meets Guidelines","16+",2016,69,"Scotland","Men","Activity","Activity - % Meets Guidelines"
"34","% Meets Guidelines","16+",2017,71,"Scotland","Men","Activity","Activity - % Meets Guidelines"
"35","% Meets Guidelines","16+",2018,70,"Scotland","Men","Activity","Activity - % Meets Guidelines"
"36","% Meets Guidelines","16+",2019,71,"Scotland","Men","Activity","Activity - % Meets Guidelines"
"37","% Meets Guidelines","16+",2021,73,"Scotland","Men","Activity","Activity - % Meets Guidelines"
"38","% Meets Guidelines","16+",2022,70,"Scotland","Men","Activity","Activity - % Meets Guidelines"
"39","% Meets Guidelines","16+",2012,58,"Scotland","Women","Activity","Activity - % Meets Guidelines"
"40","% Meets Guidelines","16+",2013,58,"Scotland","Women","Activity","Activity - % Meets Guidelines"
"41","% Meets Guidelines","16+",2014,59,"Scotland","Women","Activity","Activity - % Meets Guidelines"
"42","% Meets Guidelines","16+",2015,59,"Scotland","Women","Activity","Activity - % Meets Guidelines"
"43","% Meets Guidelines","16+",2016,59,"Scotland","Women","Activity","Activity - % Meets Guidelines"
"44","% Meets Guidelines","16+",2017,60,"Scotland","Women","Activity","Activity - % Meets Guidelines"
"45","% Meets Guidelines","16+",2018,62,"Scotland","Women","Activity","Activity - % Meets Guidelines"
"46","% Meets Guidelines","16+",2019,61,"Scotland","Women","Activity","Activity - % Meets Guidelines"
"47","% Meets Guidelines","16+",2021,65,"Scotland","Women","Activity","Activity - % Meets Guidelines"
"48","% Meets Guidelines","16+",2022,60,"Scotland","Women","Activity","Activity - % Meets Guidelines"
"49","% Meets Guidelines","16+",2015,58.18105,"Wales","All","Activity","Activity - % Meets Guidelines"
"50","% Meets Guidelines","16+",2016,53.708966,"Wales","All","Activity","Activity - % Meets Guidelines"
"51","% Meets Guidelines","16+",2017,52.555263,"Wales","All","Activity","Activity - % Meets Guidelines"
"52","% Meets Guidelines","16+",2018,52.56478,"Wales","All","Activity","Activity - % Meets Guidelines"
"53","% Meets Guidelines","16+",2019,53.486887,"Wales","All","Activity","Activity - % Meets Guidelines"
"54","% Meets Guidelines","16+",2015,63.62272,"Wales","Men","Activity","Activity - % Meets Guidelines"
"55","% Meets Guidelines","16+",2016,57.068711,"Wales","Men","Activity","Activity - % Meets Guidelines"
"56","% Meets Guidelines","16+",2017,56.691437,"Wales","Men","Activity","Activity - % Meets Guidelines"
"57","% Meets Guidelines","16+",2018,58.133756,"Wales","Men","Activity","Activity - % Meets Guidelines"
"58","% Meets Guidelines","16+",2019,58.244825,"Wales","Men","Activity","Activity - % Meets Guidelines"
"59","% Meets Guidelines","16+",2015,53.04929,"Wales","Women","Activity","Activity - % Meets Guidelines"
"60","% Meets Guidelines","16+",2016,50.535378,"Wales","Women","Activity","Activity - % Meets Guidelines"
"61","% Meets Guidelines","16+",2017,48.583126,"Wales","Women","Activity","Activity - % Meets Guidelines"
"62","% Meets Guidelines","16+",2018,47.30203,"Wales","Women","Activity","Activity - % Meets Guidelines"
"63","% Meets Guidelines","16+",2019,49.127047,"Wales","Women","Activity","Activity - % Meets Guidelines"
"64","% Over Guidelines","16+",2011,25.7489308409657,"England","All","Alcohol","Alcohol - % Over Guidelines"
"65","% Over Guidelines","16+",2012,25.7671496705535,"England","All","Alcohol","Alcohol - % Over Guidelines"
"66","% Over Guidelines","16+",2013,24.4464022984029,"England","All","Alcohol","Alcohol - % Over Guidelines"
"67","% Over Guidelines","16+",2014,23.8543864287822,"England","All","Alcohol","Alcohol - % Over Guidelines"
"68","% Over Guidelines","16+",2015,23.4033993825714,"England","All","Alcohol","Alcohol - % Over Guidelines"
"69","% Over Guidelines","16+",2016,23.1149146319688,"England","All","Alcohol","Alcohol - % Over Guidelines"
"70","% Over Guidelines","16+",2017,21.1626442988062,"England","All","Alcohol","Alcohol - % Over Guidelines"
"71","% Over Guidelines","16+",2018,22.2148597131446,"England","All","Alcohol","Alcohol - % Over Guidelines"
"72","% Over Guidelines","16+",2019,22.7253518514178,"England","All","Alcohol","Alcohol - % Over Guidelines"
"73","% Over Guidelines","16+",2011,34.2193799528713,"England","Men","Alcohol","Alcohol - % Over Guidelines"
"74","% Over Guidelines","16+",2012,34.3524338927515,"England","Men","Alcohol","Alcohol - % Over Guidelines"
"75","% Over Guidelines","16+",2013,33.424170220115,"England","Men","Alcohol","Alcohol - % Over Guidelines"
"76","% Over Guidelines","16+",2014,32.0946683487134,"England","Men","Alcohol","Alcohol - % Over Guidelines"
"77","% Over Guidelines","16+",2015,31.2794414238254,"England","Men","Alcohol","Alcohol - % Over Guidelines"
"78","% Over Guidelines","16+",2016,30.6769055234051,"England","Men","Alcohol","Alcohol - % Over Guidelines"
"79","% Over Guidelines","16+",2017,28.385176499969,"England","Men","Alcohol","Alcohol - % Over Guidelines"
"80","% Over Guidelines","16+",2018,30.3323959346632,"England","Men","Alcohol","Alcohol - % Over Guidelines"
"81","% Over Guidelines","16+",2019,30.320812162005,"England","Men","Alcohol","Alcohol - % Over Guidelines"
"82","% Over Guidelines","16+",2011,17.698224574183,"England","Women","Alcohol","Alcohol - % Over Guidelines"
"83","% Over Guidelines","16+",2012,17.5554459315781,"England","Women","Alcohol","Alcohol - % Over Guidelines"
"84","% Over Guidelines","16+",2013,15.9895890154287,"England","Women","Alcohol","Alcohol - % Over Guidelines"
"85","% Over Guidelines","16+",2014,16.0153081855709,"England","Women","Alcohol","Alcohol - % Over Guidelines"
"86","% Over Guidelines","16+",2015,15.8761981669738,"England","Women","Alcohol","Alcohol - % Over Guidelines"
"87","% Over Guidelines","16+",2016,15.844886258154,"England","Women","Alcohol","Alcohol - % Over Guidelines"
"88","% Over Guidelines","16+",2017,14.2921035277634,"England","Women","Alcohol","Alcohol - % Over Guidelines"
"89","% Over Guidelines","16+",2018,14.4565682576416,"England","Women","Alcohol","Alcohol - % Over Guidelines"
"90","% Over Guidelines","16+",2019,15.4805387336056,"England","Women","Alcohol","Alcohol - % Over Guidelines"
"91","% Over Guidelines","Total",2010,25.4906553893411,"N. Ireland","All","Alcohol","Alcohol - % Over Guidelines"
"92","% Over Guidelines","Total",2011,23.7841577207029,"N. Ireland","All","Alcohol","Alcohol - % Over Guidelines"
"93","% Over Guidelines","Total",2013,21.6515675857644,"N. Ireland","All","Alcohol","Alcohol - % Over Guidelines"
"94","% Over Guidelines","Total",2015,21.3205421926251,"N. Ireland","All","Alcohol","Alcohol - % Over Guidelines"
"95","% Over Guidelines","Total",2017,19.7231407695744,"N. Ireland","All","Alcohol","Alcohol - % Over Guidelines"
"96","% Over Guidelines","Total",2019,17.0588841241889,"N. Ireland","All","Alcohol","Alcohol - % Over Guidelines"
"97","% Over Guidelines","Total",2022,16.3474623183417,"N. Ireland","All","Alcohol","Alcohol - % Over Guidelines"
"98","% Over Guidelines","Total",2010,36.7702608010228,"N. Ireland","Men","Alcohol","Alcohol - % Over Guidelines"
"99","% Over Guidelines","Total",2011,35.3415862039767,"N. Ireland","Men","Alcohol","Alcohol - % Over Guidelines"
"100","% Over Guidelines","Total",2013,32.4985334683263,"N. Ireland","Men","Alcohol","Alcohol - % Over Guidelines"
"101","% Over Guidelines","Total",2015,31.9430041314425,"N. Ireland","Men","Alcohol","Alcohol - % Over Guidelines"
"102","% Over Guidelines","Total",2017,30.8799897239599,"N. Ireland","Men","Alcohol","Alcohol - % Over Guidelines"
"103","% Over Guidelines","Total",2019,25.7450123824492,"N. Ireland","Men","Alcohol","Alcohol - % Over Guidelines"
"104","% Over Guidelines","Total",2022,24.5133422535346,"N. Ireland","Men","Alcohol","Alcohol - % Over Guidelines"
"105","% Over Guidelines","Total",2010,14.8878346082254,"N. Ireland","Women","Alcohol","Alcohol - % Over Guidelines"
"106","% Over Guidelines","Total",2011,13.08595902624,"N. Ireland","Women","Alcohol","Alcohol - % Over Guidelines"
"107","% Over Guidelines","Total",2013,11.3782545049525,"N. Ireland","Women","Alcohol","Alcohol - % Over Guidelines"
"108","% Over Guidelines","Total",2015,11.2908741592624,"N. Ireland","Women","Alcohol","Alcohol - % Over Guidelines"
"109","% Over Guidelines","Total",2017,9.10290452595112,"N. Ireland","Women","Alcohol","Alcohol - % Over Guidelines"
"110","% Over Guidelines","Total",2019,9.01379895839709,"N. Ireland","Women","Alcohol","Alcohol - % Over Guidelines"
"111","% Over Guidelines","Total",2022,8.61268391868029,"N. Ireland","Women","Alcohol","Alcohol - % Over Guidelines"
"112","% Over Guidelines","16+",2008,32,"Scotland","All","Alcohol","Alcohol - % Over Guidelines"
"113","% Over Guidelines","16+",2009,29,"Scotland","All","Alcohol","Alcohol - % Over Guidelines"
"114","% Over Guidelines","16+",2010,28,"Scotland","All","Alcohol","Alcohol - % Over Guidelines"
"115","% Over Guidelines","16+",2011,28,"Scotland","All","Alcohol","Alcohol - % Over Guidelines"
"116","% Over Guidelines","16+",2012,28,"Scotland","All","Alcohol","Alcohol - % Over Guidelines"
"117","% Over Guidelines","16+",2013,25,"Scotland","All","Alcohol","Alcohol - % Over Guidelines"
"118","% Over Guidelines","16+",2014,25,"Scotland","All","Alcohol","Alcohol - % Over Guidelines"
"119","% Over Guidelines","16+",2015,26,"Scotland","All","Alcohol","Alcohol - % Over Guidelines"
"120","% Over Guidelines","16+",2016,26,"Scotland","All","Alcohol","Alcohol - % Over Guidelines"
"121","% Over Guidelines","16+",2017,24,"Scotland","All","Alcohol","Alcohol - % Over Guidelines"
"122","% Over Guidelines","16+",2018,24,"Scotland","All","Alcohol","Alcohol - % Over Guidelines"
"123","% Over Guidelines","16+",2019,24,"Scotland","All","Alcohol","Alcohol - % Over Guidelines"
"124","% Over Guidelines","16+",2021,23,"Scotland","All","Alcohol","Alcohol - % Over Guidelines"
"125","% Over Guidelines","16+",2022,22,"Scotland","All","Alcohol","Alcohol - % Over Guidelines"
"126","% Over Guidelines","16+",2008,44,"Scotland","Men","Alcohol","Alcohol - % Over Guidelines"
"127","% Over Guidelines","16+",2009,41,"Scotland","Men","Alcohol","Alcohol - % Over Guidelines"
"128","% Over Guidelines","16+",2010,39,"Scotland","Men","Alcohol","Alcohol - % Over Guidelines"
"129","% Over Guidelines","16+",2011,38,"Scotland","Men","Alcohol","Alcohol - % Over Guidelines"
"130","% Over Guidelines","16+",2012,38,"Scotland","Men","Alcohol","Alcohol - % Over Guidelines"
"131","% Over Guidelines","16+",2013,34,"Scotland","Men","Alcohol","Alcohol - % Over Guidelines"
"132","% Over Guidelines","16+",2014,35,"Scotland","Men","Alcohol","Alcohol - % Over Guidelines"
"133","% Over Guidelines","16+",2015,36,"Scotland","Men","Alcohol","Alcohol - % Over Guidelines"
"134","% Over Guidelines","16+",2016,35,"Scotland","Men","Alcohol","Alcohol - % Over Guidelines"
"135","% Over Guidelines","16+",2017,33,"Scotland","Men","Alcohol","Alcohol - % Over Guidelines"
"136","% Over Guidelines","16+",2018,32,"Scotland","Men","Alcohol","Alcohol - % Over Guidelines"
"137","% Over Guidelines","16+",2019,32,"Scotland","Men","Alcohol","Alcohol - % Over Guidelines"
"138","% Over Guidelines","16+",2021,31,"Scotland","Men","Alcohol","Alcohol - % Over Guidelines"
"139","% Over Guidelines","16+",2022,31,"Scotland","Men","Alcohol","Alcohol - % Over Guidelines"
"140","% Over Guidelines","16+",2008,20,"Scotland","Women","Alcohol","Alcohol - % Over Guidelines"
"141","% Over Guidelines","16+",2009,18,"Scotland","Women","Alcohol","Alcohol - % Over Guidelines"
"142","% Over Guidelines","16+",2010,18,"Scotland","Women","Alcohol","Alcohol - % Over Guidelines"
"143","% Over Guidelines","16+",2011,18,"Scotland","Women","Alcohol","Alcohol - % Over Guidelines"
"144","% Over Guidelines","16+",2012,18,"Scotland","Women","Alcohol","Alcohol - % Over Guidelines"
"145","% Over Guidelines","16+",2013,16,"Scotland","Women","Alcohol","Alcohol - % Over Guidelines"
"146","% Over Guidelines","16+",2014,17,"Scotland","Women","Alcohol","Alcohol - % Over Guidelines"
"147","% Over Guidelines","16+",2015,17,"Scotland","Women","Alcohol","Alcohol - % Over Guidelines"
"148","% Over Guidelines","16+",2016,17,"Scotland","Women","Alcohol","Alcohol - % Over Guidelines"
"149","% Over Guidelines","16+",2017,16,"Scotland","Women","Alcohol","Alcohol - % Over Guidelines"
"150","% Over Guidelines","16+",2018,16,"Scotland","Women","Alcohol","Alcohol - % Over Guidelines"
"151","% Over Guidelines","16+",2019,16,"Scotland","Women","Alcohol","Alcohol - % Over Guidelines"
"152","% Over Guidelines","16+",2021,16,"Scotland","Women","Alcohol","Alcohol - % Over Guidelines"
"153","% Over Guidelines","16+",2022,15,"Scotland","Women","Alcohol","Alcohol - % Over Guidelines"
"154","% Over Guidelines","16+",2016,20.043366,"Wales","All","Alcohol","Alcohol - % Over Guidelines"
"155","% Over Guidelines","16+",2017,17.966628,"Wales","All","Alcohol","Alcohol - % Over Guidelines"
"156","% Over Guidelines","16+",2018,18.407861,"Wales","All","Alcohol","Alcohol - % Over Guidelines"
"157","% Over Guidelines","16+",2019,18.845484,"Wales","All","Alcohol","Alcohol - % Over Guidelines"
"158","% Over Guidelines","16+",2016,26.830934,"Wales","Men","Alcohol","Alcohol - % Over Guidelines"
"159","% Over Guidelines","16+",2017,24.587604,"Wales","Men","Alcohol","Alcohol - % Over Guidelines"
"160","% Over Guidelines","16+",2018,24.990456,"Wales","Men","Alcohol","Alcohol - % Over Guidelines"
"161","% Over Guidelines","16+",2019,24.653476,"Wales","Men","Alcohol","Alcohol - % Over Guidelines"
"162","% Over Guidelines","16+",2016,13.573241,"Wales","Women","Alcohol","Alcohol - % Over Guidelines"
"163","% Over Guidelines","16+",2017,11.611259,"Wales","Women","Alcohol","Alcohol - % Over Guidelines"
"164","% Over Guidelines","16+",2018,12.197178,"Wales","Women","Alcohol","Alcohol - % Over Guidelines"
"165","% Over Guidelines","16+",2019,13.508584,"Wales","Women","Alcohol","Alcohol - % Over Guidelines"
"166","% Obese","16+",2003,22.5830168521525,"England","All","BMI","BMI - % Obese"
"167","% Obese","16+",2004,22.9383939996496,"England","All","BMI","BMI - % Obese"
"168","% Obese","16+",2005,23.2095268824837,"England","All","BMI","BMI - % Obese"
"169","% Obese","16+",2006,23.9427789862698,"England","All","BMI","BMI - % Obese"
"170","% Obese","16+",2007,24.0079854104684,"England","All","BMI","BMI - % Obese"
"171","% Obese","16+",2008,24.525294577346,"England","All","BMI","BMI - % Obese"
"172","% Obese","16+",2009,22.9652525678598,"England","All","BMI","BMI - % Obese"
"173","% Obese","16+",2010,26.14952,"England","All","BMI","BMI - % Obese"
"174","% Obese","16+",2011,24.753233,"England","All","BMI","BMI - % Obese"
"175","% Obese","16+",2012,24.730353,"England","All","BMI","BMI - % Obese"
"176","% Obese","16+",2013,24.897112,"England","All","BMI","BMI - % Obese"
"177","% Obese","16+",2014,25.560831,"England","All","BMI","BMI - % Obese"
"178","% Obese","16+",2015,26.8563564524887,"England","All","BMI","BMI - % Obese"
"179","% Obese","16+",2016,26.1837765711311,"England","All","BMI","BMI - % Obese"
"180","% Obese","16+",2017,28.7338989760073,"England","All","BMI","BMI - % Obese"
"181","% Obese","16+",2018,27.7208809015085,"England","All","BMI","BMI - % Obese"
"182","% Obese","16+",2019,28.0222160979609,"England","All","BMI","BMI - % Obese"
"183","% Obese","16+",2003,22.2047764026386,"England","Men","BMI","BMI - % Obese"
"184","% Obese","16+",2004,22.6581362930169,"England","Men","BMI","BMI - % Obese"
"185","% Obese","16+",2005,22.1165998606755,"England","Men","BMI","BMI - % Obese"
"186","% Obese","16+",2006,23.6884944446647,"England","Men","BMI","BMI - % Obese"
"187","% Obese","16+",2007,23.6264776008262,"England","Men","BMI","BMI - % Obese"
"188","% Obese","16+",2008,24.1305055627431,"England","Men","BMI","BMI - % Obese"
"189","% Obese","16+",2009,22.0681448313462,"England","Men","BMI","BMI - % Obese"
"190","% Obese","16+",2010,26.23848,"England","Men","BMI","BMI - % Obese"
"191","% Obese","16+",2011,23.609511,"England","Men","BMI","BMI - % Obese"
"192","% Obese","16+",2012,24.368495,"England","Men","BMI","BMI - % Obese"
"193","% Obese","16+",2013,25.989727,"England","Men","BMI","BMI - % Obese"
"194","% Obese","16+",2014,24.336201,"England","Men","BMI","BMI - % Obese"
"195","% Obese","16+",2015,26.8900252558311,"England","Men","BMI","BMI - % Obese"
"196","% Obese","16+",2016,25.7366916631076,"England","Men","BMI","BMI - % Obese"
"197","% Obese","16+",2017,27.3840605200358,"England","Men","BMI","BMI - % Obese"
"198","% Obese","16+",2018,26.1787306964378,"England","Men","BMI","BMI - % Obese"
"199","% Obese","16+",2019,26.9517156621181,"England","Men","BMI","BMI - % Obese"
"200","% Obese","16+",2003,22.958295657482,"England","Women","BMI","BMI - % Obese"
"201","% Obese","16+",2004,23.2147182685046,"England","Women","BMI","BMI - % Obese"
"202","% Obese","16+",2005,24.2887755353805,"England","Women","BMI","BMI - % Obese"
"203","% Obese","16+",2006,24.1945741687544,"England","Women","BMI","BMI - % Obese"
"204","% Obese","16+",2007,24.3927417390106,"England","Women","BMI","BMI - % Obese"
"205","% Obese","16+",2008,24.9161057608495,"England","Women","BMI","BMI - % Obese"
"206","% Obese","16+",2009,23.8667274044445,"England","Women","BMI","BMI - % Obese"
"207","% Obese","16+",2010,26.05953,"England","Women","BMI","BMI - % Obese"
"208","% Obese","16+",2011,25.879889,"England","Women","BMI","BMI - % Obese"
"209","% Obese","16+",2012,25.090188,"England","Women","BMI","BMI - % Obese"
"210","% Obese","16+",2013,23.826177,"England","Women","BMI","BMI - % Obese"
"211","% Obese","16+",2014,26.774528,"England","Women","BMI","BMI - % Obese"
"212","% Obese","16+",2015,26.8231751116905,"England","Women","BMI","BMI - % Obese"
"213","% Obese","16+",2016,26.6293183739404,"England","Women","BMI","BMI - % Obese"
"214","% Obese","16+",2017,30.0412005284259,"England","Women","BMI","BMI - % Obese"
"215","% Obese","16+",2018,29.2196282243097,"England","Women","BMI","BMI - % Obese"
"216","% Obese","16+",2019,29.065281356102,"England","Women","BMI","BMI - % Obese"
"217","% Obese","16+",2010,23.3989040528999,"N. Ireland","All","BMI","BMI - % Obese"
"218","% Obese","16+",2011,23.6145781274562,"N. Ireland","All","BMI","BMI - % Obese"
"219","% Obese","16+",2012,25.0683852288204,"N. Ireland","All","BMI","BMI - % Obese"
"220","% Obese","16+",2013,23.6685170609972,"N. Ireland","All","BMI","BMI - % Obese"
"221","% Obese","16+",2014,24.9549461724528,"N. Ireland","All","BMI","BMI - % Obese"
"222","% Obese","16+",2015,26.3787463187533,"N. Ireland","All","BMI","BMI - % Obese"
"223","% Obese","16+",2016,27.0051441448274,"N. Ireland","All","BMI","BMI - % Obese"
"224","% Obese","16+",2017,26.3983061681742,"N. Ireland","All","BMI","BMI - % Obese"
"225","% Obese","16+",2018,24.9510766198557,"N. Ireland","All","BMI","BMI - % Obese"
"226","% Obese","16+",2019,27.4250458893265,"N. Ireland","All","BMI","BMI - % Obese"
"227","% Obese","16+",2010,23.4059219350152,"N. Ireland","Men","BMI","BMI - % Obese"
"228","% Obese","16+",2011,25.1793151378656,"N. Ireland","Men","BMI","BMI - % Obese"
"229","% Obese","16+",2012,25.8896046743427,"N. Ireland","Men","BMI","BMI - % Obese"
"230","% Obese","16+",2013,24.4967321008247,"N. Ireland","Men","BMI","BMI - % Obese"
"231","% Obese","16+",2014,26.2175624032802,"N. Ireland","Men","BMI","BMI - % Obese"
"232","% Obese","16+",2015,28.1165919922757,"N. Ireland","Men","BMI","BMI - % Obese"
"233","% Obese","16+",2016,28.8211350978808,"N. Ireland","Men","BMI","BMI - % Obese"
"234","% Obese","16+",2017,26.7063992873793,"N. Ireland","Men","BMI","BMI - % Obese"
"235","% Obese","16+",2018,26.0402063846463,"N. Ireland","Men","BMI","BMI - % Obese"
"236","% Obese","16+",2019,27.7577045701433,"N. Ireland","Men","BMI","BMI - % Obese"
"237","% Obese","16+",2010,23.3923236080015,"N. Ireland","Women","BMI","BMI - % Obese"
"238","% Obese","16+",2011,22.146177091393,"N. Ireland","Women","BMI","BMI - % Obese"
"239","% Obese","16+",2012,24.2962596190846,"N. Ireland","Women","BMI","BMI - % Obese"
"240","% Obese","16+",2013,22.8902918742993,"N. Ireland","Women","BMI","BMI - % Obese"
"241","% Obese","16+",2014,23.7674146665811,"N. Ireland","Women","BMI","BMI - % Obese"
"242","% Obese","16+",2015,24.7398816964203,"N. Ireland","Women","BMI","BMI - % Obese"
"243","% Obese","16+",2016,25.2885827307166,"N. Ireland","Women","BMI","BMI - % Obese"
"244","% Obese","16+",2017,26.1065065909623,"N. Ireland","Women","BMI","BMI - % Obese"
"245","% Obese","16+",2018,23.9179381443943,"N. Ireland","Women","BMI","BMI - % Obese"
"246","% Obese","16+",2019,27.1090481634448,"N. Ireland","Women","BMI","BMI - % Obese"
"247","% Obese","16+",2008,27,"Scotland","All","BMI","BMI - % Obese"
"248","% Obese","16+",2009,28,"Scotland","All","BMI","BMI - % Obese"
"249","% Obese","16+",2010,28,"Scotland","All","BMI","BMI - % Obese"
"250","% Obese","16+",2011,28,"Scotland","All","BMI","BMI - % Obese"
"251","% Obese","16+",2012,27,"Scotland","All","BMI","BMI - % Obese"
"252","% Obese","16+",2013,28,"Scotland","All","BMI","BMI - % Obese"
"253","% Obese","16+",2014,28,"Scotland","All","BMI","BMI - % Obese"
"254","% Obese","16+",2015,29,"Scotland","All","BMI","BMI - % Obese"
"255","% Obese","16+",2016,29,"Scotland","All","BMI","BMI - % Obese"
"256","% Obese","16+",2017,29,"Scotland","All","BMI","BMI - % Obese"
"257","% Obese","16+",2018,28,"Scotland","All","BMI","BMI - % Obese"
"258","% Obese","16+",2019,29,"Scotland","All","BMI","BMI - % Obese"
"259","% Obese","16+",2021,30,"Scotland","All","BMI","BMI - % Obese"
"260","% Obese","16+",2022,29,"Scotland","All","BMI","BMI - % Obese"
"261","% Obese","16+",2008,26,"Scotland","Men","BMI","BMI - % Obese"
"262","% Obese","16+",2009,28,"Scotland","Men","BMI","BMI - % Obese"
"263","% Obese","16+",2010,27,"Scotland","Men","BMI","BMI - % Obese"
"264","% Obese","16+",2011,28,"Scotland","Men","BMI","BMI - % Obese"
"265","% Obese","16+",2012,27,"Scotland","Men","BMI","BMI - % Obese"
"266","% Obese","16+",2013,26,"Scotland","Men","BMI","BMI - % Obese"
"267","% Obese","16+",2014,26,"Scotland","Men","BMI","BMI - % Obese"
"268","% Obese","16+",2015,28,"Scotland","Men","BMI","BMI - % Obese"
"269","% Obese","16+",2016,29,"Scotland","Men","BMI","BMI - % Obese"
"270","% Obese","16+",2017,27,"Scotland","Men","BMI","BMI - % Obese"
"271","% Obese","16+",2018,27,"Scotland","Men","BMI","BMI - % Obese"
"272","% Obese","16+",2019,29,"Scotland","Men","BMI","BMI - % Obese"
"273","% Obese","16+",2021,29,"Scotland","Men","BMI","BMI - % Obese"
"274","% Obese","16+",2022,28,"Scotland","Men","BMI","BMI - % Obese"
"275","% Obese","16+",2008,27,"Scotland","Women","BMI","BMI - % Obese"
"276","% Obese","16+",2009,28,"Scotland","Women","BMI","BMI - % Obese"
"277","% Obese","16+",2010,29,"Scotland","Women","BMI","BMI - % Obese"
"278","% Obese","16+",2011,28,"Scotland","Women","BMI","BMI - % Obese"
"279","% Obese","16+",2012,28,"Scotland","Women","BMI","BMI - % Obese"
"280","% Obese","16+",2013,30,"Scotland","Women","BMI","BMI - % Obese"
"281","% Obese","16+",2014,29,"Scotland","Women","BMI","BMI - % Obese"
"282","% Obese","16+",2015,30,"Scotland","Women","BMI","BMI - % Obese"
"283","% Obese","16+",2016,29,"Scotland","Women","BMI","BMI - % Obese"
"284","% Obese","16+",2017,30,"Scotland","Women","BMI","BMI - % Obese"
"285","% Obese","16+",2018,30,"Scotland","Women","BMI","BMI - % Obese"
"286","% Obese","16+",2019,30,"Scotland","Women","BMI","BMI - % Obese"
"287","% Obese","16+",2021,31,"Scotland","Women","BMI","BMI - % Obese"
"288","% Obese","16+",2022,30,"Scotland","Women","BMI","BMI - % Obese"
"289","% Obese","16+",2004,17.70072449,"Wales","All","BMI","BMI - % Obese"
"290","% Obese","16+",2005,18.092621,"Wales","All","BMI","BMI - % Obese"
"291","% Obese","16+",2006,19.47729542,"Wales","All","BMI","BMI - % Obese"
"292","% Obese","16+",2007,20.5012055,"Wales","All","BMI","BMI - % Obese"
"293","% Obese","16+",2008,20.76207165,"Wales","All","BMI","BMI - % Obese"
"294","% Obese","16+",2009,21.25857617,"Wales","All","BMI","BMI - % Obese"
"295","% Obese","16+",2010,21.69412074,"Wales","All","BMI","BMI - % Obese"
"296","% Obese","16+",2011,22.07672215,"Wales","All","BMI","BMI - % Obese"
"297","% Obese","16+",2012,23.00194793,"Wales","All","BMI","BMI - % Obese"
"298","% Obese","16+",2013,22.36437557,"Wales","All","BMI","BMI - % Obese"
"299","% Obese","16+",2014,22.18083,"Wales","All","BMI","BMI - % Obese"
"300","% Obese","16+",2015,23.51461,"Wales","All","BMI","BMI - % Obese"
"301","% Obese","16+",2016,22.696616,"Wales","All","BMI","BMI - % Obese"
"302","% Obese","16+",2017,22.280039,"Wales","All","BMI","BMI - % Obese"
"303","% Obese","16+",2018,23.286196,"Wales","All","BMI","BMI - % Obese"
"304","% Obese","16+",2019,25.094393,"Wales","All","BMI","BMI - % Obese"
"305","% Obese","16+",2004,17.24866425,"Wales","Men","BMI","BMI - % Obese"
"306","% Obese","16+",2005,18.07642065,"Wales","Men","BMI","BMI - % Obese"
"307","% Obese","16+",2006,19.22751553,"Wales","Men","BMI","BMI - % Obese"
"308","% Obese","16+",2007,20.2767017,"Wales","Men","BMI","BMI - % Obese"
"309","% Obese","16+",2008,20.66039246,"Wales","Men","BMI","BMI - % Obese"
"310","% Obese","16+",2009,21.32515744,"Wales","Men","BMI","BMI - % Obese"
"311","% Obese","16+",2010,22.06156304,"Wales","Men","BMI","BMI - % Obese"
"312","% Obese","16+",2011,22.07506163,"Wales","Men","BMI","BMI - % Obese"
"313","% Obese","16+",2012,23.25016787,"Wales","Men","BMI","BMI - % Obese"
"314","% Obese","16+",2013,21.67172107,"Wales","Men","BMI","BMI - % Obese"
"315","% Obese","16+",2014,21.47145,"Wales","Men","BMI","BMI - % Obese"
"316","% Obese","16+",2015,22.94955,"Wales","Men","BMI","BMI - % Obese"
"317","% Obese","16+",2016,23.671577,"Wales","Men","BMI","BMI - % Obese"
"318","% Obese","16+",2017,21.735672,"Wales","Men","BMI","BMI - % Obese"
"319","% Obese","16+",2018,24.001335,"Wales","Men","BMI","BMI - % Obese"
"320","% Obese","16+",2019,26.336447,"Wales","Men","BMI","BMI - % Obese"
"321","% Obese","16+",2004,18.12616592,"Wales","Women","BMI","BMI - % Obese"
"322","% Obese","16+",2005,18.10780476,"Wales","Women","BMI","BMI - % Obese"
"323","% Obese","16+",2006,19.71239296,"Wales","Women","BMI","BMI - % Obese"
"324","% Obese","16+",2007,20.71870149,"Wales","Women","BMI","BMI - % Obese"
"325","% Obese","16+",2008,20.86057005,"Wales","Women","BMI","BMI - % Obese"
"326","% Obese","16+",2009,21.1938355,"Wales","Women","BMI","BMI - % Obese"
"327","% Obese","16+",2010,21.33412004,"Wales","Women","BMI","BMI - % Obese"
"328","% Obese","16+",2011,22.07834069,"Wales","Women","BMI","BMI - % Obese"
"329","% Obese","16+",2012,22.75515148,"Wales","Women","BMI","BMI - % Obese"
"330","% Obese","16+",2013,23.05188103,"Wales","Women","BMI","BMI - % Obese"
"331","% Obese","16+",2014,22.88246,"Wales","Women","BMI","BMI - % Obese"
"332","% Obese","16+",2015,24.0765,"Wales","Women","BMI","BMI - % Obese"
"333","% Obese","16+",2016,21.682978,"Wales","Women","BMI","BMI - % Obese"
"334","% Obese","16+",2017,22.860279,"Wales","Women","BMI","BMI - % Obese"
"335","% Obese","16+",2018,22.540956,"Wales","Women","BMI","BMI - % Obese"
"336","% Obese","16+",2019,23.869734,"Wales","Women","BMI","BMI - % Obese"
"337","% Uptake","Valid",2013,55.5582,"England","All","Bowel Screening","Bowel Screening - % Uptake"
"338","% Uptake","Valid",2014,58.4793,"England","All","Bowel Screening","Bowel Screening - % Uptake"
"339","% Uptake","Valid",2015,56.3746,"England","All","Bowel Screening","Bowel Screening - % Uptake"
"340","% Uptake","Valid",2016,58.9034,"England","All","Bowel Screening","Bowel Screening - % Uptake"
"341","% Uptake","Valid",2017,57.6025,"England","All","Bowel Screening","Bowel Screening - % Uptake"
"342","% Uptake","Valid",2018,60.2726,"England","All","Bowel Screening","Bowel Screening - % Uptake"
"343","% Uptake","Valid",2019,65.4421,"England","All","Bowel Screening","Bowel Screening - % Uptake"
"344","% Uptake","Valid",2020,70.7159,"England","All","Bowel Screening","Bowel Screening - % Uptake"
"345","% Uptake","Valid",2021,69.6146,"England","All","Bowel Screening","Bowel Screening - % Uptake"
"346","% Uptake","Valid",2022,70.2058,"England","All","Bowel Screening","Bowel Screening - % Uptake"
"347","% Uptake","Valid",2018,54.3,"N. Ireland","All","Bowel Screening","Bowel Screening - % Uptake"
"348","% Uptake","Valid",2019,53.04,"N. Ireland","All","Bowel Screening","Bowel Screening - % Uptake"
"349","% Uptake","Valid",2020,57.94,"N. Ireland","All","Bowel Screening","Bowel Screening - % Uptake"
"350","% Uptake","Valid",2021,62.15,"N. Ireland","All","Bowel Screening","Bowel Screening - % Uptake"
"351","% Uptake","Valid",2022,57.85,"N. Ireland","All","Bowel Screening","Bowel Screening - % Uptake"
"352","% Uptake","Valid",2007,53.8542778432808,"Scotland","All","Bowel Screening","Bowel Screening - % Uptake"
"353","% Uptake","Valid",2008,53.7677911812569,"Scotland","All","Bowel Screening","Bowel Screening - % Uptake"
"354","% Uptake","Valid",2009,54.5698288233687,"Scotland","All","Bowel Screening","Bowel Screening - % Uptake"
"355","% Uptake","Valid",2010,54.9818310679728,"Scotland","All","Bowel Screening","Bowel Screening - % Uptake"
"356","% Uptake","Valid",2011,55.6687600529851,"Scotland","All","Bowel Screening","Bowel Screening - % Uptake"
"357","% Uptake","Valid",2012,57.0880087970357,"Scotland","All","Bowel Screening","Bowel Screening - % Uptake"
"358","% Uptake","Valid",2013,57.9339086459939,"Scotland","All","Bowel Screening","Bowel Screening - % Uptake"
"359","% Uptake","Valid",2014,57.2200016698504,"Scotland","All","Bowel Screening","Bowel Screening - % Uptake"
"360","% Uptake","Valid",2015,56.3015907928701,"Scotland","All","Bowel Screening","Bowel Screening - % Uptake"
"361","% Uptake","Valid",2016,57.8186887602659,"Scotland","All","Bowel Screening","Bowel Screening - % Uptake"
"362","% Uptake","Valid",2017,61.8289958480211,"Scotland","All","Bowel Screening","Bowel Screening - % Uptake"
"363","% Uptake","Valid",2018,63.83861968722,"Scotland","All","Bowel Screening","Bowel Screening - % Uptake"
"364","% Uptake","Valid",2019,65.3198262541825,"Scotland","All","Bowel Screening","Bowel Screening - % Uptake"
"365","% Uptake","Valid",2020,66.9923358199907,"Scotland","All","Bowel Screening","Bowel Screening - % Uptake"
"366","% Uptake","Valid",2021,66.1420258093562,"Scotland","All","Bowel Screening","Bowel Screening - % Uptake"
"367","% Uptake","Valid",2012,48.2,"Wales","All","Bowel Screening","Bowel Screening - % Uptake"
"368","% Uptake","Valid",2013,52.6,"Wales","All","Bowel Screening","Bowel Screening - % Uptake"
"369","% Uptake","Valid",2014,50.8,"Wales","All","Bowel Screening","Bowel Screening - % Uptake"
"370","% Uptake","Valid",2015,54.4,"Wales","All","Bowel Screening","Bowel Screening - % Uptake"
"371","% Uptake","Valid",2016,53.4,"Wales","All","Bowel Screening","Bowel Screening - % Uptake"
"372","% Uptake","Valid",2017,55.7,"Wales","All","Bowel Screening","Bowel Screening - % Uptake"
"373","% Uptake","Valid",2018,57.3,"Wales","All","Bowel Screening","Bowel Screening - % Uptake"
"374","% Uptake","Valid",2019,61.5,"Wales","All","Bowel Screening","Bowel Screening - % Uptake"
"375","% Uptake","Valid",2020,67.1,"Wales","All","Bowel Screening","Bowel Screening - % Uptake"
"376","% Uptake","Valid",2021,67.2,"Wales","All","Bowel Screening","Bowel Screening - % Uptake"
"377","% Uptake","Valid",2009,74.4529,"England","Women","Breast Screening","Breast Screening - % Uptake"
"378","% Uptake","Valid",2010,74.5249,"England","Women","Breast Screening","Breast Screening - % Uptake"
"379","% Uptake","Valid",2011,74.3385,"England","Women","Breast Screening","Breast Screening - % Uptake"
"380","% Uptake","Valid",2012,73.2894,"England","Women","Breast Screening","Breast Screening - % Uptake"
"381","% Uptake","Valid",2013,73.4586,"England","Women","Breast Screening","Breast Screening - % Uptake"
"382","% Uptake","Valid",2014,72.6385,"England","Women","Breast Screening","Breast Screening - % Uptake"
"383","% Uptake","Valid",2015,73.3527,"England","Women","Breast Screening","Breast Screening - % Uptake"
"384","% Uptake","Valid",2016,72.1439,"England","Women","Breast Screening","Breast Screening - % Uptake"
"385","% Uptake","Valid",2017,71.5864,"England","Women","Breast Screening","Breast Screening - % Uptake"
"386","% Uptake","Valid",2018,72.2441,"England","Women","Breast Screening","Breast Screening - % Uptake"
"387","% Uptake","Valid",2019,70.232,"England","Women","Breast Screening","Breast Screening - % Uptake"
"388","% Uptake","Valid",2020,62.3096,"England","Women","Breast Screening","Breast Screening - % Uptake"
"389","% Uptake","Valid",2021,63.1154,"England","Women","Breast Screening","Breast Screening - % Uptake"
"390","% Uptake","Valid",2022,65.4437,"England","Women","Breast Screening","Breast Screening - % Uptake"
"391","% Uptake","Valid",2017,75,"N. Ireland","Women","Breast Screening","Breast Screening - % Uptake"
"392","% Uptake","Valid",2018,77,"N. Ireland","Women","Breast Screening","Breast Screening - % Uptake"
"393","% Uptake","Valid",2019,76,"N. Ireland","Women","Breast Screening","Breast Screening - % Uptake"
"394","% Uptake","Valid",2020,72,"N. Ireland","Women","Breast Screening","Breast Screening - % Uptake"
"395","% Uptake","Valid",2021,75,"N. Ireland","Women","Breast Screening","Breast Screening - % Uptake"
"396","% Uptake","Valid",2022,74,"N. Ireland","Women","Breast Screening","Breast Screening - % Uptake"
"397","% Uptake","Valid",2012,71.9,"Scotland","Women","Breast Screening","Breast Screening - % Uptake"
"398","% Uptake","Valid",2013,72.8554527401023,"Scotland","Women","Breast Screening","Breast Screening - % Uptake"
"399","% Uptake","Valid",2014,72.7648178620979,"Scotland","Women","Breast Screening","Breast Screening - % Uptake"
"400","% Uptake","Valid",2016,72.0909612475877,"Scotland","Women","Breast Screening","Breast Screening - % Uptake"
"401","% Uptake","Valid",2017,71.2033185194541,"Scotland","Women","Breast Screening","Breast Screening - % Uptake"
"402","% Uptake","Valid",2018,73.4274109355364,"Scotland","Women","Breast Screening","Breast Screening - % Uptake"
"403","% Uptake","Valid",2019,72.0018371595143,"Scotland","Women","Breast Screening","Breast Screening - % Uptake"
"404","% Uptake","Valid",2020,75.1,"Scotland","Women","Breast Screening","Breast Screening - % Uptake"
"405","% Uptake","Valid",2021,76.51848,"Scotland","Women","Breast Screening","Breast Screening - % Uptake"
"406","% Uptake","Valid",2010,74.3,"Wales","Women","Breast Screening","Breast Screening - % Uptake"
"407","% Uptake","Valid",2011,73.2,"Wales","Women","Breast Screening","Breast Screening - % Uptake"
"408","% Uptake","Valid",2012,71.2,"Wales","Women","Breast Screening","Breast Screening - % Uptake"
"409","% Uptake","Valid",2013,71.9,"Wales","Women","Breast Screening","Breast Screening - % Uptake"
"410","% Uptake","Valid",2014,72.1,"Wales","Women","Breast Screening","Breast Screening - % Uptake"
"411","% Uptake","Valid",2015,70.9,"Wales","Women","Breast Screening","Breast Screening - % Uptake"
"412","% Uptake","Valid",2016,70.4,"Wales","Women","Breast Screening","Breast Screening - % Uptake"
"413","% Uptake","Valid",2017,69,"Wales","Women","Breast Screening","Breast Screening - % Uptake"
"414","% Uptake","Valid",2018,69.1,"Wales","Women","Breast Screening","Breast Screening - % Uptake"
"415","% Uptake","Valid",2019,68.9,"Wales","Women","Breast Screening","Breast Screening - % Uptake"
"416","% Diabetes","16+",2003,3.87444460626261,"England","All","Diabetes","Diabetes - % Diabetes"
"417","% Diabetes","16+",2006,4.88126283385609,"England","All","Diabetes","Diabetes - % Diabetes"
"418","% Diabetes","16+",2009,5.49071844941162,"England","All","Diabetes","Diabetes - % Diabetes"
"419","% Diabetes","16+",2010,5.7923,"England","All","Diabetes","Diabetes - % Diabetes"
"420","% Diabetes","16+",2011,5.912652,"England","All","Diabetes","Diabetes - % Diabetes"
"421","% Diabetes","16+",2012,5.785274,"England","All","Diabetes","Diabetes - % Diabetes"
"422","% Diabetes","16+",2013,6.226198,"England","All","Diabetes","Diabetes - % Diabetes"
"423","% Diabetes","16+",2014,6.18226987161027,"England","All","Diabetes","Diabetes - % Diabetes"
"424","% Diabetes","16+",2015,5.90569850171926,"England","All","Diabetes","Diabetes - % Diabetes"
"425","% Diabetes","16+",2016,6.90108823070888,"England","All","Diabetes","Diabetes - % Diabetes"
"426","% Diabetes","16+",2017,6.46859576057909,"England","All","Diabetes","Diabetes - % Diabetes"
"427","% Diabetes","16+",2018,6.95472393445415,"England","All","Diabetes","Diabetes - % Diabetes"
"428","% Diabetes","16+",2019,7.08120285213587,"England","All","Diabetes","Diabetes - % Diabetes"
"429","% Diabetes","16+",2003,4.3,"England","Men","Diabetes","Diabetes - % Diabetes"
"430","% Diabetes","16+",2006,5.59700584048355,"England","Men","Diabetes","Diabetes - % Diabetes"
"431","% Diabetes","16+",2009,6.50868055950283,"England","Men","Diabetes","Diabetes - % Diabetes"
"432","% Diabetes","16+",2010,6.3159,"England","Men","Diabetes","Diabetes - % Diabetes"
"433","% Diabetes","16+",2011,6.96825,"England","Men","Diabetes","Diabetes - % Diabetes"
"434","% Diabetes","16+",2012,6.680428,"England","Men","Diabetes","Diabetes - % Diabetes"
"435","% Diabetes","16+",2013,6.876169,"England","Men","Diabetes","Diabetes - % Diabetes"
"436","% Diabetes","16+",2014,7.14937831504166,"England","Men","Diabetes","Diabetes - % Diabetes"
"437","% Diabetes","16+",2015,6.71951970416723,"England","Men","Diabetes","Diabetes - % Diabetes"
"438","% Diabetes","16+",2016,7.64692146725421,"England","Men","Diabetes","Diabetes - % Diabetes"
"439","% Diabetes","16+",2017,7.60551469126989,"England","Men","Diabetes","Diabetes - % Diabetes"
"440","% Diabetes","16+",2018,8.23702637462839,"England","Men","Diabetes","Diabetes - % Diabetes"
"441","% Diabetes","16+",2019,8.55443745617015,"England","Men","Diabetes","Diabetes - % Diabetes"
"442","% Diabetes","16+",2003,3.4,"England","Women","Diabetes","Diabetes - % Diabetes"
"443","% Diabetes","16+",2006,4.20983933620109,"England","Women","Diabetes","Diabetes - % Diabetes"
"444","% Diabetes","16+",2009,4.51475414696379,"England","Women","Diabetes","Diabetes - % Diabetes"
"445","% Diabetes","16+",2010,5.2868,"England","Women","Diabetes","Diabetes - % Diabetes"
"446","% Diabetes","16+",2011,4.896953,"England","Women","Diabetes","Diabetes - % Diabetes"
"447","% Diabetes","16+",2012,4.9293,"England","Women","Diabetes","Diabetes - % Diabetes"
"448","% Diabetes","16+",2013,5.609932,"England","Women","Diabetes","Diabetes - % Diabetes"
"449","% Diabetes","16+",2014,5.25654273917994,"England","Women","Diabetes","Diabetes - % Diabetes"
"450","% Diabetes","16+",2015,5.12705682612737,"England","Women","Diabetes","Diabetes - % Diabetes"
"451","% Diabetes","16+",2016,6.1831266293198,"England","Women","Diabetes","Diabetes - % Diabetes"
"452","% Diabetes","16+",2017,5.37524048382406,"England","Women","Diabetes","Diabetes - % Diabetes"
"453","% Diabetes","16+",2018,5.72206727617005,"England","Women","Diabetes","Diabetes - % Diabetes"
"454","% Diabetes","16+",2019,5.67179062096089,"England","Women","Diabetes","Diabetes - % Diabetes"
"455","% Diabetes","16+",2008,5,"Scotland","All","Diabetes","Diabetes - % Diabetes"
"456","% Diabetes","16+",2009,5,"Scotland","All","Diabetes","Diabetes - % Diabetes"
"457","% Diabetes","16+",2010,5,"Scotland","All","Diabetes","Diabetes - % Diabetes"
"458","% Diabetes","16+",2011,5,"Scotland","All","Diabetes","Diabetes - % Diabetes"
"459","% Diabetes","16+",2012,6,"Scotland","All","Diabetes","Diabetes - % Diabetes"
"460","% Diabetes","16+",2013,6,"Scotland","All","Diabetes","Diabetes - % Diabetes"
"461","% Diabetes","16+",2014,6,"Scotland","All","Diabetes","Diabetes - % Diabetes"
"462","% Diabetes","16+",2015,6,"Scotland","All","Diabetes","Diabetes - % Diabetes"
"463","% Diabetes","16+",2016,5,"Scotland","All","Diabetes","Diabetes - % Diabetes"
"464","% Diabetes","16+",2017,6,"Scotland","All","Diabetes","Diabetes - % Diabetes"
"465","% Diabetes","16+",2018,7,"Scotland","All","Diabetes","Diabetes - % Diabetes"
"466","% Diabetes","16+",2019,7,"Scotland","All","Diabetes","Diabetes - % Diabetes"
"467","% Diabetes","16+",2021,6,"Scotland","All","Diabetes","Diabetes - % Diabetes"
"468","% Diabetes","16+",2022,7,"Scotland","All","Diabetes","Diabetes - % Diabetes"
"469","% Diabetes","16+",2008,5,"Scotland","Men","Diabetes","Diabetes - % Diabetes"
"470","% Diabetes","16+",2009,6,"Scotland","Men","Diabetes","Diabetes - % Diabetes"
"471","% Diabetes","16+",2010,6,"Scotland","Men","Diabetes","Diabetes - % Diabetes"
"472","% Diabetes","16+",2011,6,"Scotland","Men","Diabetes","Diabetes - % Diabetes"
"473","% Diabetes","16+",2012,6,"Scotland","Men","Diabetes","Diabetes - % Diabetes"
"474","% Diabetes","16+",2013,6,"Scotland","Men","Diabetes","Diabetes - % Diabetes"
"475","% Diabetes","16+",2014,8,"Scotland","Men","Diabetes","Diabetes - % Diabetes"
"476","% Diabetes","16+",2015,7,"Scotland","Men","Diabetes","Diabetes - % Diabetes"
"477","% Diabetes","16+",2016,6,"Scotland","Men","Diabetes","Diabetes - % Diabetes"
"478","% Diabetes","16+",2017,7,"Scotland","Men","Diabetes","Diabetes - % Diabetes"
"479","% Diabetes","16+",2018,8,"Scotland","Men","Diabetes","Diabetes - % Diabetes"
"480","% Diabetes","16+",2019,9,"Scotland","Men","Diabetes","Diabetes - % Diabetes"
"481","% Diabetes","16+",2021,6,"Scotland","Men","Diabetes","Diabetes - % Diabetes"
"482","% Diabetes","16+",2022,8,"Scotland","Men","Diabetes","Diabetes - % Diabetes"
"483","% Diabetes","16+",2008,4,"Scotland","Women","Diabetes","Diabetes - % Diabetes"
"484","% Diabetes","16+",2009,4,"Scotland","Women","Diabetes","Diabetes - % Diabetes"
"485","% Diabetes","16+",2010,4,"Scotland","Women","Diabetes","Diabetes - % Diabetes"
"486","% Diabetes","16+",2011,5,"Scotland","Women","Diabetes","Diabetes - % Diabetes"
"487","% Diabetes","16+",2012,5,"Scotland","Women","Diabetes","Diabetes - % Diabetes"
"488","% Diabetes","16+",2013,5,"Scotland","Women","Diabetes","Diabetes - % Diabetes"
"489","% Diabetes","16+",2014,5,"Scotland","Women","Diabetes","Diabetes - % Diabetes"
"490","% Diabetes","16+",2015,5,"Scotland","Women","Diabetes","Diabetes - % Diabetes"
"491","% Diabetes","16+",2016,5,"Scotland","Women","Diabetes","Diabetes - % Diabetes"
"492","% Diabetes","16+",2017,6,"Scotland","Women","Diabetes","Diabetes - % Diabetes"
"493","% Diabetes","16+",2018,6,"Scotland","Women","Diabetes","Diabetes - % Diabetes"
"494","% Diabetes","16+",2019,5,"Scotland","Women","Diabetes","Diabetes - % Diabetes"
"495","% Diabetes","16+",2021,5,"Scotland","Women","Diabetes","Diabetes - % Diabetes"
"496","% Diabetes","16+",2022,6,"Scotland","Women","Diabetes","Diabetes - % Diabetes"
"497","% Current User","16+",2020,6.4,"Great Britain","All","E Cigarette","E Cigarette - % Current User"
"498","% Current User","16+",2021,7.7,"Great Britain","All","E Cigarette","E Cigarette - % Current User"
"499","% Current User","16+",2022,8.7,"Great Britain","All","E Cigarette","E Cigarette - % Current User"
"500","% Current User","16+",2020,7.2,"Great Britain","Men","E Cigarette","E Cigarette - % Current User"
"501","% Current User","16+",2021,9.7,"Great Britain","Men","E Cigarette","E Cigarette - % Current User"
"502","% Current User","16+",2022,9.5,"Great Britain","Men","E Cigarette","E Cigarette - % Current User"
"503","% Current User","16+",2020,5.6,"Great Britain","Women","E Cigarette","E Cigarette - % Current User"
"504","% Current User","16+",2021,5.7,"Great Britain","Women","E Cigarette","E Cigarette - % Current User"
"505","% Current User","16+",2022,7.9,"Great Britain","Women","E Cigarette","E Cigarette - % Current User"
"506","% HRT","All",2015,1.87713169168204,"England","All","HRT","HRT - % HRT"
"507","% HRT","All",2016,2.05462102008211,"England","All","HRT","HRT - % HRT"
"508","% HRT","All",2017,2.24514467973405,"England","All","HRT","HRT - % HRT"
"509","% HRT","All",2018,2.40212086349442,"England","All","HRT","HRT - % HRT"
"510","% HRT","All",2019,2.58601630927212,"England","All","HRT","HRT - % HRT"
"511","% HRT","All",2020,2.44825641025641,"England","All","HRT","HRT - % HRT"
"512","% HRT","All",2021,3.20718687429691,"England","All","HRT","HRT - % HRT"
"513","% Parity","All",2010,55.6080087681763,"England and Wales","Women","Parity","Parity - % Parity"
"514","% Parity","All",2011,55.6614277620982,"England and Wales","Women","Parity","Parity - % Parity"
"515","% Parity","All",2012,55.7343499451983,"England and Wales","Women","Parity","Parity - % Parity"
"516","% Parity","All",2013,55.6990629020392,"England and Wales","Women","Parity","Parity - % Parity"
"517","% Parity","All",2014,55.6189029716303,"England and Wales","Women","Parity","Parity - % Parity"
"518","% Parity","All",2015,55.5010538162562,"England and Wales","Women","Parity","Parity - % Parity"
"519","% Parity","All",2016,55.3789798079326,"England and Wales","Women","Parity","Parity - % Parity"
"520","% Parity","All",2017,55.3522024440224,"England and Wales","Women","Parity","Parity - % Parity"
"521","% Parity","All",2018,55.3103953746815,"England and Wales","Women","Parity","Parity - % Parity"
"522","% Parity","All",2019,55.2892114030929,"England and Wales","Women","Parity","Parity - % Parity"
"523","% Parity","All",2020,55.2864860503061,"England and Wales","Women","Parity","Parity - % Parity"
"524","% Parity","All",2021,55.2623395299911,"England and Wales","Women","Parity","Parity - % Parity"
"525","% Parity","All",2022,55.0430195213805,"England and Wales","Women","Parity","Parity - % Parity"
"526","% Current Smoker","16+",2003,25.4391127722164,"England","All","Smoking","Smoking - % Current Smoker"
"527","% Current Smoker","16+",2004,23.2646107448865,"England","All","Smoking","Smoking - % Current Smoker"
"528","% Current Smoker","16+",2005,25.3040614339828,"England","All","Smoking","Smoking - % Current Smoker"
"529","% Current Smoker","16+",2006,22.5335004483866,"England","All","Smoking","Smoking - % Current Smoker"
"530","% Current Smoker","16+",2007,22.2645019402302,"England","All","Smoking","Smoking - % Current Smoker"
"531","% Current Smoker","16+",2008,21.7366502407757,"England","All","Smoking","Smoking - % Current Smoker"
"532","% Current Smoker","16+",2009,22.0146543165671,"England","All","Smoking","Smoking - % Current Smoker"
"533","% Current Smoker","16+",2010,20.0908066851775,"England","All","Smoking","Smoking - % Current Smoker"
"534","% Current Smoker","16+",2011,20.790143,"England","All","Smoking","Smoking - % Current Smoker"
"535","% Current Smoker","16+",2012,19.839586,"England","All","Smoking","Smoking - % Current Smoker"
"536","% Current Smoker","16+",2013,20.550356,"England","All","Smoking","Smoking - % Current Smoker"
"537","% Current Smoker","16+",2014,18.7831309216915,"England","All","Smoking","Smoking - % Current Smoker"
"538","% Current Smoker","16+",2015,17.860920728674,"England","All","Smoking","Smoking - % Current Smoker"
"539","% Current Smoker","16+",2016,17.7260068334411,"England","All","Smoking","Smoking - % Current Smoker"
"540","% Current Smoker","16+",2017,17.3075367701825,"England","All","Smoking","Smoking - % Current Smoker"
"541","% Current Smoker","16+",2018,16.781361261414,"England","All","Smoking","Smoking - % Current Smoker"
"542","% Current Smoker","16+",2019,16.4790706233249,"England","All","Smoking","Smoking - % Current Smoker"
"543","% Current Smoker","16+",2003,27,"England","Men","Smoking","Smoking - % Current Smoker"
"544","% Current Smoker","16+",2004,23.8641470464243,"England","Men","Smoking","Smoking - % Current Smoker"
"545","% Current Smoker","16+",2005,27.1459422080067,"England","Men","Smoking","Smoking - % Current Smoker"
"546","% Current Smoker","16+",2006,24.0761340172863,"England","Men","Smoking","Smoking - % Current Smoker"
"547","% Current Smoker","16+",2007,23.7784116556779,"England","Men","Smoking","Smoking - % Current Smoker"
"548","% Current Smoker","16+",2008,23.7054327573184,"England","Men","Smoking","Smoking - % Current Smoker"
"549","% Current Smoker","16+",2009,23.8663616303993,"England","Men","Smoking","Smoking - % Current Smoker"
"550","% Current Smoker","16+",2010,21.9640100689596,"England","Men","Smoking","Smoking - % Current Smoker"
"551","% Current Smoker","16+",2011,23.156476,"England","Men","Smoking","Smoking - % Current Smoker"
"552","% Current Smoker","16+",2012,22.197813,"England","Men","Smoking","Smoking - % Current Smoker"
"553","% Current Smoker","16+",2013,23.978339,"England","Men","Smoking","Smoking - % Current Smoker"
"554","% Current Smoker","16+",2014,21.1393550365688,"England","Men","Smoking","Smoking - % Current Smoker"
"555","% Current Smoker","16+",2015,19.1143632996043,"England","Men","Smoking","Smoking - % Current Smoker"
"556","% Current Smoker","16+",2016,20.0443488525949,"England","Men","Smoking","Smoking - % Current Smoker"
"557","% Current Smoker","16+",2017,19.1974218276535,"England","Men","Smoking","Smoking - % Current Smoker"
"558","% Current Smoker","16+",2018,18.4418809725129,"England","Men","Smoking","Smoking - % Current Smoker"
"559","% Current Smoker","16+",2019,18.406669616093,"England","Men","Smoking","Smoking - % Current Smoker"
"560","% Current Smoker","16+",2003,24.2822932577875,"England","Women","Smoking","Smoking - % Current Smoker"
"561","% Current Smoker","16+",2004,22.6986143555954,"England","Women","Smoking","Smoking - % Current Smoker"
"562","% Current Smoker","16+",2005,23.5756683112462,"England","Women","Smoking","Smoking - % Current Smoker"
"563","% Current Smoker","16+",2006,21.0902980286954,"England","Women","Smoking","Smoking - % Current Smoker"
"564","% Current Smoker","16+",2007,20.825626608601,"England","Women","Smoking","Smoking - % Current Smoker"
"565","% Current Smoker","16+",2008,19.8633017265047,"England","Women","Smoking","Smoking - % Current Smoker"
"566","% Current Smoker","16+",2009,20.2482777150744,"England","Women","Smoking","Smoking - % Current Smoker"
"567","% Current Smoker","16+",2010,18.2765709950856,"England","Women","Smoking","Smoking - % Current Smoker"
"568","% Current Smoker","16+",2011,18.529586,"England","Women","Smoking","Smoking - % Current Smoker"
"569","% Current Smoker","16+",2012,17.588802,"England","Women","Smoking","Smoking - % Current Smoker"
"570","% Current Smoker","16+",2013,17.311445,"England","Women","Smoking","Smoking - % Current Smoker"
"571","% Current Smoker","16+",2014,16.5442819957936,"England","Women","Smoking","Smoking - % Current Smoker"
"572","% Current Smoker","16+",2015,16.6622785103531,"England","Women","Smoking","Smoking - % Current Smoker"
"573","% Current Smoker","16+",2016,15.5011634012809,"England","Women","Smoking","Smoking - % Current Smoker"
"574","% Current Smoker","16+",2017,15.4966067930263,"England","Women","Smoking","Smoking - % Current Smoker"
"575","% Current Smoker","16+",2018,15.199685456781,"England","Women","Smoking","Smoking - % Current Smoker"
"576","% Current Smoker","16+",2019,14.6482069569511,"England","Women","Smoking","Smoking - % Current Smoker"
"577","% Current Smoker","16+",2010,24.1130626172756,"N. Ireland","All","Smoking","Smoking - % Current Smoker"
"578","% Current Smoker","16+",2011,24.9957178152926,"N. Ireland","All","Smoking","Smoking - % Current Smoker"
"579","% Current Smoker","16+",2012,23.7821544630916,"N. Ireland","All","Smoking","Smoking - % Current Smoker"
"580","% Current Smoker","16+",2013,21.9997643303635,"N. Ireland","All","Smoking","Smoking - % Current Smoker"
"581","% Current Smoker","16+",2014,22.206404664917,"N. Ireland","All","Smoking","Smoking - % Current Smoker"
"582","% Current Smoker","16+",2015,22.6933986662395,"N. Ireland","All","Smoking","Smoking - % Current Smoker"
"583","% Current Smoker","16+",2016,19.7037845942306,"N. Ireland","All","Smoking","Smoking - % Current Smoker"
"584","% Current Smoker","16+",2017,18.9110205014321,"N. Ireland","All","Smoking","Smoking - % Current Smoker"
"585","% Current Smoker","16+",2018,18.4893684628548,"N. Ireland","All","Smoking","Smoking - % Current Smoker"
"586","% Current Smoker","16+",2019,17.4511636405685,"N. Ireland","All","Smoking","Smoking - % Current Smoker"
"587","% Current Smoker","16+",2020,12.3152996158388,"N. Ireland","All","Smoking","Smoking - % Current Smoker"
"588","% Current Smoker","16+",2021,17.3205830515225,"N. Ireland","All","Smoking","Smoking - % Current Smoker"
"589","% Current Smoker","16+",2022,13.8835416784026,"N. Ireland","All","Smoking","Smoking - % Current Smoker"
"590","% Current Smoker","16+",2010,24.7975303700886,"N. Ireland","Men","Smoking","Smoking - % Current Smoker"
"591","% Current Smoker","16+",2011,26.7973305762735,"N. Ireland","Men","Smoking","Smoking - % Current Smoker"
"592","% Current Smoker","16+",2012,24.9147274475516,"N. Ireland","Men","Smoking","Smoking - % Current Smoker"
"593","% Current Smoker","16+",2013,22.8540058936095,"N. Ireland","Men","Smoking","Smoking - % Current Smoker"
"594","% Current Smoker","16+",2014,23.1313966888335,"N. Ireland","Men","Smoking","Smoking - % Current Smoker"
"595","% Current Smoker","16+",2015,25.2045871623831,"N. Ireland","Men","Smoking","Smoking - % Current Smoker"
"596","% Current Smoker","16+",2016,20.3827506568398,"N. Ireland","Men","Smoking","Smoking - % Current Smoker"
"597","% Current Smoker","16+",2017,19.8340955378531,"N. Ireland","Men","Smoking","Smoking - % Current Smoker"
"598","% Current Smoker","16+",2018,19.6109899046608,"N. Ireland","Men","Smoking","Smoking - % Current Smoker"
"599","% Current Smoker","16+",2019,18.466505131385,"N. Ireland","Men","Smoking","Smoking - % Current Smoker"
"600","% Current Smoker","16+",2021,19.9561412900663,"N. Ireland","Men","Smoking","Smoking - % Current Smoker"
"601","% Current Smoker","16+",2022,15.4305763193382,"N. Ireland","Men","Smoking","Smoking - % Current Smoker"
"602","% Current Smoker","16+",2010,23.4712487523137,"N. Ireland","Women","Smoking","Smoking - % Current Smoker"
"603","% Current Smoker","16+",2011,23.3065967321914,"N. Ireland","Women","Smoking","Smoking - % Current Smoker"
"604","% Current Smoker","16+",2012,22.7176311277874,"N. Ireland","Women","Smoking","Smoking - % Current Smoker"
"605","% Current Smoker","16+",2013,21.197081947205,"N. Ireland","Women","Smoking","Smoking - % Current Smoker"
"606","% Current Smoker","16+",2014,21.3372417052954,"N. Ireland","Women","Smoking","Smoking - % Current Smoker"
"607","% Current Smoker","16+",2015,20.3199011387086,"N. Ireland","Women","Smoking","Smoking - % Current Smoker"
"608","% Current Smoker","16+",2016,19.0609282006014,"N. Ireland","Women","Smoking","Smoking - % Current Smoker"
"609","% Current Smoker","16+",2017,18.0341882080647,"N. Ireland","Women","Smoking","Smoking - % Current Smoker"
"610","% Current Smoker","16+",2018,17.4244246146222,"N. Ireland","Women","Smoking","Smoking - % Current Smoker"
"611","% Current Smoker","16+",2019,16.488028276996,"N. Ireland","Women","Smoking","Smoking - % Current Smoker"
"612","% Current Smoker","16+",2021,14.808757068069,"N. Ireland","Women","Smoking","Smoking - % Current Smoker"
"613","% Current Smoker","16+",2022,12.4147624492456,"N. Ireland","Women","Smoking","Smoking - % Current Smoker"
"614","% Current Smoker","16+",2008,26,"Scotland","All","Smoking","Smoking - % Current Smoker"
"615","% Current Smoker","16+",2009,25,"Scotland","All","Smoking","Smoking - % Current Smoker"
"616","% Current Smoker","16+",2010,25,"Scotland","All","Smoking","Smoking - % Current Smoker"
"617","% Current Smoker","16+",2011,23,"Scotland","All","Smoking","Smoking - % Current Smoker"
"618","% Current Smoker","16+",2012,25,"Scotland","All","Smoking","Smoking - % Current Smoker"
"619","% Current Smoker","16+",2013,21,"Scotland","All","Smoking","Smoking - % Current Smoker"
"620","% Current Smoker","16+",2014,22,"Scotland","All","Smoking","Smoking - % Current Smoker"
"621","% Current Smoker","16+",2015,21,"Scotland","All","Smoking","Smoking - % Current Smoker"
"622","% Current Smoker","16+",2016,21,"Scotland","All","Smoking","Smoking - % Current Smoker"
"623","% Current Smoker","16+",2017,18,"Scotland","All","Smoking","Smoking - % Current Smoker"
"624","% Current Smoker","16+",2018,19,"Scotland","All","Smoking","Smoking - % Current Smoker"
"625","% Current Smoker","16+",2019,17,"Scotland","All","Smoking","Smoking - % Current Smoker"
"626","% Current Smoker","16+",2021,11,"Scotland","All","Smoking","Smoking - % Current Smoker"
"627","% Current Smoker","16+",2022,15,"Scotland","All","Smoking","Smoking - % Current Smoker"
"628","% Current Smoker","16+",2008,27,"Scotland","Men","Smoking","Smoking - % Current Smoker"
"629","% Current Smoker","16+",2009,25,"Scotland","Men","Smoking","Smoking - % Current Smoker"
"630","% Current Smoker","16+",2010,26,"Scotland","Men","Smoking","Smoking - % Current Smoker"
"631","% Current Smoker","16+",2011,24,"Scotland","Men","Smoking","Smoking - % Current Smoker"
"632","% Current Smoker","16+",2012,25,"Scotland","Men","Smoking","Smoking - % Current Smoker"
"633","% Current Smoker","16+",2013,23,"Scotland","Men","Smoking","Smoking - % Current Smoker"
"634","% Current Smoker","16+",2014,23,"Scotland","Men","Smoking","Smoking - % Current Smoker"
"635","% Current Smoker","16+",2015,22,"Scotland","Men","Smoking","Smoking - % Current Smoker"
"636","% Current Smoker","16+",2016,23,"Scotland","Men","Smoking","Smoking - % Current Smoker"
"637","% Current Smoker","16+",2017,20,"Scotland","Men","Smoking","Smoking - % Current Smoker"
"638","% Current Smoker","16+",2018,21,"Scotland","Men","Smoking","Smoking - % Current Smoker"
"639","% Current Smoker","16+",2019,19,"Scotland","Men","Smoking","Smoking - % Current Smoker"
"640","% Current Smoker","16+",2021,12,"Scotland","Men","Smoking","Smoking - % Current Smoker"
"641","% Current Smoker","16+",2022,18,"Scotland","Men","Smoking","Smoking - % Current Smoker"
"642","% Current Smoker","16+",2008,25,"Scotland","Women","Smoking","Smoking - % Current Smoker"
"643","% Current Smoker","16+",2009,25,"Scotland","Women","Smoking","Smoking - % Current Smoker"
"644","% Current Smoker","16+",2010,25,"Scotland","Women","Smoking","Smoking - % Current Smoker"
"645","% Current Smoker","16+",2011,22,"Scotland","Women","Smoking","Smoking - % Current Smoker"
"646","% Current Smoker","16+",2012,24,"Scotland","Women","Smoking","Smoking - % Current Smoker"
"647","% Current Smoker","16+",2013,20,"Scotland","Women","Smoking","Smoking - % Current Smoker"
"648","% Current Smoker","16+",2014,21,"Scotland","Women","Smoking","Smoking - % Current Smoker"
"649","% Current Smoker","16+",2015,20,"Scotland","Women","Smoking","Smoking - % Current Smoker"
"650","% Current Smoker","16+",2016,20,"Scotland","Women","Smoking","Smoking - % Current Smoker"
"651","% Current Smoker","16+",2017,16,"Scotland","Women","Smoking","Smoking - % Current Smoker"
"652","% Current Smoker","16+",2018,17,"Scotland","Women","Smoking","Smoking - % Current Smoker"
"653","% Current Smoker","16+",2019,16,"Scotland","Women","Smoking","Smoking - % Current Smoker"
"654","% Current Smoker","16+",2021,11,"Scotland","Women","Smoking","Smoking - % Current Smoker"
"655","% Current Smoker","16+",2022,13,"Scotland","Women","Smoking","Smoking - % Current Smoker"
"656","% Current Smoker","16+",2004,26.41500741,"Wales","All","Smoking","Smoking - % Current Smoker"
"657","% Current Smoker","16+",2005,27.59077686,"Wales","All","Smoking","Smoking - % Current Smoker"
"658","% Current Smoker","16+",2006,25.4397176,"Wales","All","Smoking","Smoking - % Current Smoker"
"659","% Current Smoker","16+",2007,23.97079732,"Wales","All","Smoking","Smoking - % Current Smoker"
"660","% Current Smoker","16+",2008,23.53794583,"Wales","All","Smoking","Smoking - % Current Smoker"
"661","% Current Smoker","16+",2009,23.87210626,"Wales","All","Smoking","Smoking - % Current Smoker"
"662","% Current Smoker","16+",2010,23.09624669,"Wales","All","Smoking","Smoking - % Current Smoker"
"663","% Current Smoker","16+",2011,22.60385759,"Wales","All","Smoking","Smoking - % Current Smoker"
"664","% Current Smoker","16+",2012,22.63250903,"Wales","All","Smoking","Smoking - % Current Smoker"
"665","% Current Smoker","16+",2013,21.18036651,"Wales","All","Smoking","Smoking - % Current Smoker"
"666","% Current Smoker","16+",2014,20.42704,"Wales","All","Smoking","Smoking - % Current Smoker"
"667","% Current Smoker","16+",2015,19.35533,"Wales","All","Smoking","Smoking - % Current Smoker"
"668","% Current Smoker","16+",2016,18.635683,"Wales","All","Smoking","Smoking - % Current Smoker"
"669","% Current Smoker","16+",2017,19.203521,"Wales","All","Smoking","Smoking - % Current Smoker"
"670","% Current Smoker","16+",2018,17.051896,"Wales","All","Smoking","Smoking - % Current Smoker"
"671","% Current Smoker","16+",2019,17.597961,"Wales","All","Smoking","Smoking - % Current Smoker"
"672","% Current Smoker","16+",2004,27.34263769,"Wales","Men","Smoking","Smoking - % Current Smoker"
"673","% Current Smoker","16+",2005,29.34837987,"Wales","Men","Smoking","Smoking - % Current Smoker"
"674","% Current Smoker","16+",2006,26.63387305,"Wales","Men","Smoking","Smoking - % Current Smoker"
"675","% Current Smoker","16+",2007,25.14846612,"Wales","Men","Smoking","Smoking - % Current Smoker"
"676","% Current Smoker","16+",2008,24.76425736,"Wales","Men","Smoking","Smoking - % Current Smoker"
"677","% Current Smoker","16+",2009,25.67241445,"Wales","Men","Smoking","Smoking - % Current Smoker"
"678","% Current Smoker","16+",2010,24.63573264,"Wales","Men","Smoking","Smoking - % Current Smoker"
"679","% Current Smoker","16+",2011,24.14574443,"Wales","Men","Smoking","Smoking - % Current Smoker"
"680","% Current Smoker","16+",2012,24.53880585,"Wales","Men","Smoking","Smoking - % Current Smoker"
"681","% Current Smoker","16+",2013,22.55300449,"Wales","Men","Smoking","Smoking - % Current Smoker"
"682","% Current Smoker","16+",2014,22.14603,"Wales","Men","Smoking","Smoking - % Current Smoker"
"683","% Current Smoker","16+",2015,20.88595,"Wales","Men","Smoking","Smoking - % Current Smoker"
"684","% Current Smoker","16+",2016,20.365635,"Wales","Men","Smoking","Smoking - % Current Smoker"
"685","% Current Smoker","16+",2017,21.104418,"Wales","Men","Smoking","Smoking - % Current Smoker"
"686","% Current Smoker","16+",2018,17.92019,"Wales","Men","Smoking","Smoking - % Current Smoker"
"687","% Current Smoker","16+",2019,18.445978,"Wales","Men","Smoking","Smoking - % Current Smoker"
"688","% Current Smoker","16+",2004,25.56146054,"Wales","Women","Smoking","Smoking - % Current Smoker"
"689","% Current Smoker","16+",2005,25.97190809,"Wales","Women","Smoking","Smoking - % Current Smoker"
"690","% Current Smoker","16+",2006,24.33928966,"Wales","Women","Smoking","Smoking - % Current Smoker"
"691","% Current Smoker","16+",2007,22.87862193,"Wales","Women","Smoking","Smoking - % Current Smoker"
"692","% Current Smoker","16+",2008,22.39580667,"Wales","Women","Smoking","Smoking - % Current Smoker"
"693","% Current Smoker","16+",2009,22.18701413,"Wales","Women","Smoking","Smoking - % Current Smoker"
"694","% Current Smoker","16+",2010,21.65915439,"Wales","Women","Smoking","Smoking - % Current Smoker"
"695","% Current Smoker","16+",2011,21.1585038,"Wales","Women","Smoking","Smoking - % Current Smoker"
"696","% Current Smoker","16+",2012,20.82563477,"Wales","Women","Smoking","Smoking - % Current Smoker"
"697","% Current Smoker","16+",2013,19.88046776,"Wales","Women","Smoking","Smoking - % Current Smoker"
"698","% Current Smoker","16+",2014,18.79607,"Wales","Women","Smoking","Smoking - % Current Smoker"
"699","% Current Smoker","16+",2015,17.90095,"Wales","Women","Smoking","Smoking - % Current Smoker"
"700","% Current Smoker","16+",2016,16.995553,"Wales","Women","Smoking","Smoking - % Current Smoker"
"701","% Current Smoker","16+",2017,17.391864,"Wales","Women","Smoking","Smoking - % Current Smoker"
"702","% Current Smoker","16+",2018,16.238878,"Wales","Women","Smoking","Smoking - % Current Smoker"
"703","% Current Smoker","16+",2019,16.819667,"Wales","Women","Smoking","Smoking - % Current Smoker"
